seviye	sayfa	baslik
1	1	الجزء الأول
2	1	سورة الفاتحة
3	1	[سورة الفاتحة (١): الآيات ١ إلى ٧]
4	1	مقدمة وففيها فصول:
5	1	الفصل الأول في التنبيه على علوم هذه السورة على سبيل الإجمال
6	2	تفسير الاستعاذة
6	3	تفسير البسملة
6	3	نعم الله تعالى التي لا تحصى
6	4	أنواع العالم وإمكان وجود عوالم أخرى
6	4	رحمة الله تعالى بعباده لا تنحصر أنواعها
6	5	أحوال الآخرة وتقسيمها إلى عقلية وسمعية
7	5	أما العقلية المحضة
7	5	وأما السمعيات
5	7	الفصل الثاني في تقرير مشرع آخر يدل على أنه يمكن استنباط المسائل الكثيرة من الألفاظ القليلة
5	9	الفصل الثالث في تقرير مشرع آخر لتصحيح ما ذكرناه من استنباط المسائل الكثيرة من هذه السورة
4	9	الكتاب الأول في العلوم المستنبطة من قوله: أعوذ بالله من الشيطان الرجيم
5	9	القسم الأول من هذا الكتاب في المباحث الأدبية المتعلقة بهذه الكلمة، وفيه أبواب.
6	9	الباب الأول في المباحث المتعلقة بالكلمة، وما يجري مجراها، وفيه مسائل
6	22	الباب الثاني في المباحث المستنبطة من الصوت والحروف وأحكامها، وفيه مسائل
6	25	الباب الثالث في المباحث المتعلقة بالاسم والفعل والحرف، وفيه مسائل
6	31	الباب الرابع في تقسيمات الاسم إلى أنواعه، وهي من وجوه
7	31	أحكام الأعلام
6	34	الباب الخامس في أحكام أسماء الأجناس والأسماء المشتقة، وهي كثيرة
7	34	أحكام اسم الجنس:
7	34	أحكام الأسماء المشتقة
6	35	الباب السادس في تقسيم الاسم إلى المعرب والمبني، وذكر الأحكام المفرعة على هذين القسمين، وفيه مسائل
6	43	الباب السابع في إعراب الفعل
5	46	القسم الثاني من هذا الكتاب المشتمل على تفسير (أعوذ بالله من الشيطان الرجيم) في المباحث النقلية والعقلية، وفيه أبواب: -.
6	46	الباب الأول في المسائل الفقهية المستنبطة من قولنا: (أعوذ بالله من الشيطان الرجيم)
6	50	الباب الثاني في المباحث العقلية المستنبطة من قولنا: (أعوذ بالله من الشيطان الرجيم)
6	71	الباب الثالث في اللطائف المستنبطة من قولنا أعوذ بالله من الشيطان الرجيم
6	75	الباب السابع في المسائل الملتحقة بقوله: (أعوذ بالله من الشيطان الرجيم)
4	79	الكتاب الثاني في مباحث بسم الله الرحمن الرحيم وفيه أبواب
5	79	الباب الأول في مسائل جارية مجرى المقدمات
5	81	الباب الثاني فيما يتعلق بهذه الكلمة من القراءة والكتابة
5	84	الباب الثالث من هذا الكتاب في مباحث الاسم،
5	91	الباب الرابع في البحث عن الأسماء الدالة على الصفات الحقيقية
5	106	الباب الخامس في الأسماء الدالة على الصفات الإضافية
5	108	الباب السادس في الأسماء الواقعة بحسب الصفات السلبية
5	110	الباب السابع في الأسماء الدالة على الصفات الحقيقية مع الإضافية، وفيه فصول:
6	110	الفصل الأول في الأسماء الحاصلة بسبب القدرة:
6	110	الفصل الثاني: الأسماء الحاصلة بسبب العلم:
6	111	الفصل الثالث: الأسماء الحاصلة بصفة الكلام:
6	112	الفصل الرابع: الإرادة وما بمعناها:
6	112	الفصل الخامس السمع والبصر ومشتقاتها:
6	113	الفصل السادس في الصفات الإضافية مع السلبية
6	113	الفصل السابع في الأسماء الدالة على الذات والصفات الحقيقية والإضافية والسلبية:
6	114	الفصل الثامن في الأسماء التي اختلف العقلاء فيها أنها هل هي من أسماء الذات أو من أسماء الصفات
6	115	الفصل التاسع في الأسماء الحاصلة لله تعالى من باب الأسماء المضمرة
5	120	الباب الثامن في بقية المباحث عن أسماء الله تعالى، وفيه مسائل
5	123	الباب التاسع في المباحث المتعلقة بقولنا: "الله"
5	129	الباب العاشر في البحث المتعلق بقولنا الرحمن الرحيم
5	132	الباب الحادي عشر في بعض النكت المستخرجة من قولنا (بسم الله الرحمن الرحيم)
4	136	الكتاب الثالث الكلام في سورة الفاتحة وفي ذكر أسماء هذه السورة،
5	136	الباب الأول أسماء الفاتحة وسببها
5	139	الباب الثاني في فضائل هذه السورة، وفيه مسائل:
5	141	الباب الثالث في الأسرار العقلية المستنبطة من هذه السورة،
5	148	الباب الرابع في المسائل الفقهية المستنبطة من هذه السورة
5	170	الباب الخامس في تفسير سورة الفاتحة، وفيه فصول
6	170	الفصل الأول: تفسير"الحمد لله":
6	178	الفصل الثاني في تفسير قوله رب العالمين،
6	181	الفصل الثالث في تفسير قوله الرحمن الرحيم، وفيه فوائد:
6	184	الفصل الرابع في تفسير قوله مالك يوم الدين، وفيه فوائد:
6	188	الفصل الخامس في تفسير قوله إياك نعبد وإياك نستعين
6	196	الفصل السادس في قوله وإياك نستعين
6	197	الفصل السابع في قوله اهدنا الصراط المستقيم، وفيه فوائد
6	200	الفصل الثامن في تفسير قوله صراط الذين أنعمت عليهم، وفيه فوائد:
6	202	الفصل التاسع في قوله تعالى غير المغضوب عليهم ولا الضالين،
4	204	الكلام في تفسير مجموع هذه السورة، وفيه فصول
5	204	الفصل الأول في الأسرار العقلية المستنبطة من هذه السورة
5	206	الفصل الثاني في مداخل الشيطان:
5	208	الفصل الثالث في تقرير أن سورة الفاتحة جامعة لكل ما يحتاج الإنسان إليه في معرفة المبدأ والوسط والمعاد
5	209	الفصل الرابع قسمة الله للصلاة بينه وبين عباده:
5	213	الفصل الخامس في أن الصلاة معراج العارفين
5	217	الفصل السادس في الكبرياء والعظمة
5	220	الفصل السابع في لطائف قوله الحمد لله، وفوائد الأسماء الخمسة المذكورة في هذه السورة
5	223	الفصل الثامن في السبب المقتضي لاشتمال بسم الله الرحمن الرحيم على الأسماء الثلاثة
5	224	الفصل التاسع في سبب اشتمال الفاتحة على الأسماء الخمسة
5	225	الفصل العاشر في هذه السورة كلمتان مضافتان إلى اسم الله، واسمان مضافان إلى غير الله:
1	226	الجزء الثاني
2	226	سورة البقرة
3	226	[سورة البقرة (٢): آية ١]
3	235	[سورة البقرة (٢): آية ٢]
3	246	[سورة البقرة (٢): آية ٣]
3	254	[سورة البقرة (٢): آية ٤]
3	255	[سورة البقرة (٢): آية ٥]
3	257	[سورة البقرة (٢): آية ٦]
3	268	[سورة البقرة (٢): آية ٧]
3	276	[سورة البقرة (٢): آية ٨]
3	280	[سورة البقرة (٢): الآيات ٩ إلى ١٠]
3	283	[سورة البقرة (٢): الآيات ١١ إلى ١٢]
3	284	[سورة البقرة (٢): آية ١٣]
3	285	[سورة البقرة (٢): الآيات ١٤ إلى ١٥]
3	288	[سورة البقرة (٢): آية ١٦]
3	288	[سورة البقرة (٢): آية ١٧]
3	291	[سورة البقرة (٢): آية ١٨]
3	292	[سورة البقرة (٢): الآيات ١٩ إلى ٢٠]
3	296	[سورة البقرة (٢): الآيات ٢١ إلى ٢٢]
4	296	القول في إقامة الدلالة على التوحيد
3	324	[سورة البقرة (٢): الآيات ٢٣ إلى ٢٤]
4	324	الكلام في النبوة
3	330	[سورة البقرة (٢): آية ٢٥]
4	330	الكلام في المعاد
3	337	[سورة البقرة (٢): الآيات ٢٦ إلى ٢٧]
3	352	[سورة البقرة (٢): آية ٢٨]
3	356	[سورة البقرة (٢): آية ٢٩]
3	360	[سورة البقرة (٢): آية ٣٠]
3	373	[سورة البقرة (٢): آية ٣١]
3	401	[سورة البقرة (٢): الآيات ٣٢ إلى ٣٣]
3	404	[سورة البقرة (٢): آية ٣٤]
1	426	الجزء الثالث
2	426	تتمة سورة البقرة
3	426	[سورة البقرة (٢): آية ٣٥]
3	430	[سورة البقرة (٢): آية ٣٦]
3	440	[سورة البقرة (٢): آية ٣٧]
3	446	[سورة البقرة (٢): آية ٣٨]
3	448	[سورة البقرة (٢): آية ٣٩]
3	449	[سورة البقرة (٢): آية ٤٠]
3	458	[سورة البقرة (٢): آية ٤١]
3	460	[سورة البقرة (٢): آية ٤٢]
3	460	[سورة البقرة (٢): آية ٤٣]
3	462	[سورة البقرة (٢): آية ٤٤]
3	464	[سورة البقرة (٢): آية ٤٥]
3	466	[سورة البقرة (٢): آية ٤٦]
3	467	[سورة البقرة (٢): آية ٤٧]
3	469	[سورة البقرة (٢): آية ٤٨]
3	479	[سورة البقرة (٢): آية ٤٩]
3	482	[سورة البقرة (٢): آية ٥٠]
3	485	[سورة البقرة (٢): الآيات ٥١ إلى ٥٢]
3	489	[سورة البقرة (٢): آية ٥٣]
3	490	[سورة البقرة (٢): آية ٥٤]
3	493	[سورة البقرة (٢): الآيات ٥٥ إلى ٥٦]
3	496	[سورة البقرة (٢): آية ٥٧]
3	497	[سورة البقرة (٢): الآيات ٥٨ إلى ٥٩]
3	502	[سورة البقرة (٢): آية ٦٠]
3	505	[سورة البقرة (٢): آية ٦١]
3	510	[سورة البقرة (٢): آية ٦٢]
3	512	[سورة البقرة (٢): الآيات ٦٣ إلى ٦٤]
3	515	[سورة البقرة (٢): الآيات ٦٥ إلى ٦٦]
3	518	[سورة البقرة (٢): الآيات ٦٧ إلى ٧٣]
3	530	[سورة البقرة (٢): آية ٧٤]
3	533	[سورة البقرة (٢): آية ٧٥]
3	537	[سورة البقرة (٢): الآيات ٧٦ إلى ٧٧]
3	538	[سورة البقرة (٢): الآيات ٧٨ إلى ٧٩]
3	541	[سورة البقرة (٢): آية ٨٠]
3	543	[سورة البقرة (٢): آية ٨١]
3	559	[سورة البقرة (٢): آية ٨٢]
3	560	[سورة البقرة (٢): آية ٨٣]
3	565	[سورة البقرة (٢): آية ٨٤]
3	566	[سورة البقرة (٢): آية ٨٥]
3	569	[سورة البقرة (٢): آية ٨٦]
3	569	[سورة البقرة (٢): آية ٨٧]
3	572	[سورة البقرة (٢): آية ٨٨]
3	573	[سورة البقرة (٢): آية ٨٩]
3	574	[سورة البقرة (٢): آية ٩٠]
3	577	[سورة البقرة (٢): آية ٩١]
3	579	[سورة البقرة (٢): آية ٩٢]
3	579	[سورة البقرة (٢): آية ٩٣]
3	580	[سورة البقرة (٢): الآيات ٩٤ إلى ٩٥]
3	584	[سورة البقرة (٢): آية ٩٦]
3	585	[سورة البقرة (٢): الآيات ٩٧ إلى ٩٨]
3	589	[سورة البقرة (٢): آية ٩٩]
3	590	[سورة البقرة (٢): آية ١٠٠]
3	591	[سورة البقرة (٢): آية ١٠١]
3	592	[سورة البقرة (٢): آية ١٠٢]
3	608	[سورة البقرة (٢): آية ١٠٣]
3	609	[سورة البقرة (٢): آية ١٠٤]
3	610	[سورة البقرة (٢): آية ١٠٥]
3	611	[سورة البقرة (٢): آية ١٠٦]
3	618	[سورة البقرة (٢): آية ١٠٧]
3	618	[سورة البقرة (٢): آية ١٠٨]
3	619	[سورة البقرة (٢): آية ١٠٩]
1	628	الجزء الرابع
2	628	تتمة سورة البقرة
3	628	[سورة البقرة (٢): آية ١١٠]
3	628	[سورة البقرة (٢): الآيات ١١١ إلى ١١٢]
3	632	[سورة البقرة (٢): آية ١١٣]
3	633	[سورة البقرة (٢): آية ١١٤]
3	641	[سورة البقرة (٢): آية ١١٥]
3	645	[سورة البقرة (٢): الآيات ١١٦ إلى ١١٧]
3	650	[سورة البقرة (٢): آية ١١٨]
3	651	[سورة البقرة (٢): آية ١١٩]
3	652	[سورة البقرة (٢): آية ١٢٠]
3	652	[سورة البقرة (٢): آية ١٢١]
3	653	[سورة البقرة (٢): الآيات ١٢٢ إلى ١٢٤]
3	664	[سورة البقرة (٢): آية ١٢٥]
3	670	[سورة البقرة (٢): آية ١٢٦]
3	673	[سورة البقرة (٢): الآيات ١٢٧ إلى ١٢٩]
3	683	[سورة البقرة (٢): آية ١٣٠]
3	685	[سورة البقرة (٢): آية ١٣١]
3	686	[سورة البقرة (٢): آية ١٣٢]
3	687	[سورة البقرة (٢): الآيات ١٣٣ إلى ١٣٤]
3	693	[سورة البقرة (٢): آية ١٣٥]
3	694	[سورة البقرة (٢): آية ١٣٦]
3	696	[سورة البقرة (٢): آية ١٣٧]
3	697	[سورة البقرة (٢): آية ١٣٨]
3	699	[سورة البقرة (٢): آية ١٣٩]
3	700	[سورة البقرة (٢): آية ١٤٠]
3	701	[سورة البقرة (٢): آية ١٤١]
3	701	[سورة البقرة (٢): آية ١٤٢]
3	706	[سورة البقرة (٢): آية ١٤٣]
3	717	[سورة البقرة (٢): آية ١٤٤]
3	730	[سورة البقرة (٢): آية ١٤٥]
3	733	[سورة البقرة (٢): الآيات ١٤٦ إلى ١٤٧]
3	736	[سورة البقرة (٢): آية ١٤٨]
3	741	[سورة البقرة (٢): الآيات ١٤٩ إلى ١٥٠]
3	745	[سورة البقرة (٢): آية ١٥١]
3	746	[سورة البقرة (٢): آية ١٥٢]
3	747	[سورة البقرة (٢): آية ١٥٣]
3	748	[سورة البقرة (٢): آية ١٥٤]
3	751	[سورة البقرة (٢): آية ١٥٥]
3	755	[سورة البقرة (٢): الآيات ١٥٦ إلى ١٥٧]
3	757	[سورة البقرة (٢): آية ١٥٨]
3	762	[سورة البقرة (٢): آية ١٥٩]
3	765	[سورة البقرة (٢): آية ١٦٠]
3	765	[سورة البقرة (٢): الآيات ١٦١ إلى ١٦٢]
3	767	[سورة البقرة (٢): آية ١٦٣]
3	775	[سورة البقرة (٢): آية ١٦٤]
4	777	الفصل الأول في ترتيب الأفلاك
4	780	الفصل الثاني في معرفة الأفلاك
4	781	الفصل الثالث في مقادير الحركات
4	783	الفصل الرابع في كيفية الاستدلال بهذه الأحوال على وجود الصانع
4	785	الفصل الأول في بيان أحوال الأرض
4	788	الفصل الثاني في بيان الاستدلال بأحوال الأرض على وجود الصانع
3	797	[سورة البقرة (٢): آية ١٦٥]
3	802	[سورة البقرة (٢): الآيات ١٦٦ إلى ١٦٧]
1	806	الجزء الخامس
2	806	تتمة سورة البقرة
3	806	[سورة البقرة (٢): الآيات ١٦٨ إلى ١٦٩]
3	809	[سورة البقرة (٢): آية ١٧٠]
3	810	[سورة البقرة (٢): آية ١٧١]
3	811	[سورة البقرة (٢): آية ١٧٢]
3	812	[سورة البقرة (٢): آية ١٧٣]
4	812	الحكم الاول
5	815	الفصل الأول فيما يتعلق بالميتة
5	820	الفصل الثاني في تحريم الدم، وفيه مسألتان
5	821	الفصل الثالث في الخنزير، وفيه مسائل
5	821	الفصل الرابع في تحريم ما أهل به لغير الله
5	822	الفصل الخامس القائلون بأن كلمة"إنما" للحصر
5	822	الفصل السادس في"المضطر"
3	825	[سورة البقرة (٢): آية ١٧٤]
4	825	الحكم الثاني
3	827	[سورة البقرة (٢): آية ١٧٥]
3	830	[سورة البقرة (٢): آية ١٧٦]
3	832	[سورة البقرة (٢): آية ١٧٧]
4	832	الحكم الثالث
3	841	[سورة البقرة (٢): آية ١٧٨]
4	842	الحكم الرابع
3	849	[سورة البقرة (٢): آية ١٧٩]
3	852	[سورة البقرة (٢): آية ١٨٠]
4	852	الحكم الخامس
3	856	[سورة البقرة (٢): آية ١٨١]
3	857	[سورة البقرة (٢): آية ١٨٢]
3	860	[سورة البقرة (٢): آية ١٨٣]
4	860	الحكم السادس
3	862	[سورة البقرة (٢): آية ١٨٤]
3	871	[سورة البقرة (٢): آية ١٨٥]
3	881	[سورة البقرة (٢): آية ١٨٦]
3	888	[سورة البقرة (٢): آية ١٨٧]
3	896	الحكم السابع من الأحكام المذكورة في هذه السورة الاعتكاف
3	899	[سورة البقرة (٢): آية ١٨٨]
4	899	الحكم الثامن من الأحكام المذكورة في هذه السورة
3	901	[سورة البقرة (٢): آية ١٨٩]
4	901	الحكم التاسع
3	908	[سورة البقرة (٢): آية ١٩٠]
4	908	الحكم العاشر ما يتعلق بالقتال
3	909	[سورة البقرة (٢): الآيات ١٩١ إلى ١٩٢]
3	912	[سورة البقرة (٢): آية ١٩٣]
3	913	[سورة البقرة (٢): آية ١٩٤]
3	914	[سورة البقرة (٢): آية ١٩٥]
3	917	[سورة البقرة (٢): آية ١٩٦]
3	935	[سورة البقرة (٢): آية ١٩٧]
3	943	[سورة البقرة (٢): آية ١٩٨]
3	951	[سورة البقرة (٢): آية ١٩٩]
3	954	[سورة البقرة (٢): آية ٢٠٠]
3	956	[سورة البقرة (٢): الآيات ٢٠١ إلى ٢٠٢]
3	961	[سورة البقرة (٢): آية ٢٠٣]
3	964	[سورة البقرة (٢): الآيات ٢٠٤ إلى ٢٠٦]
3	970	[سورة البقرة (٢): آية ٢٠٧]
3	972	[سورة البقرة (٢): آية ٢٠٨]
3	975	[سورة البقرة (٢): آية ٢٠٩]
3	977	[سورة البقرة (٢): آية ٢١٠]
1	984	الجزء السادس
2	984	تتمة سورة البقرة
3	984	[سورة البقرة (٢): آية ٢١١]
3	985	[سورة البقرة (٢): آية ٢١٢]
3	991	[سورة البقرة (٢): آية ٢١٣]
3	996	[سورة البقرة (٢): آية ٢١٤]
3	1000	[سورة البقرة (٢): آية ٢١٥]
4	1000	الحكم الأول فيما يتعلق بالنفقة هو هذه الآية
3	1003	[سورة البقرة (٢): آية ٢١٦]
4	1003	الحكم الثاني فيما يتعلق بالقتال
3	1005	[سورة البقرة (٢): آية ٢١٧]
3	1013	[سورة البقرة (٢): آية ٢١٨]
3	1014	[سورة البقرة (٢): آية ٢١٩]
4	1014	الحكم الثالث في الخمر
4	1021	الحكم الرابع في الإنفاق
3	1023	[سورة البقرة (٢): آية ٢٢٠]
4	1023	الحكم الخامس في اليتامى
3	1026	[سورة البقرة (٢): آية ٢٢١]
4	1026	الحكم السادس فيما يتعلق بالنكاح
3	1033	[سورة البقرة (٢): آية ٢٢٢]
4	1033	الحكم السابع في المحيض
3	1040	[سورة البقرة (٢): آية ٢٢٣]
4	1040	الحكم الثامن
3	1043	[سورة البقرة (٢): آية ٢٢٤]
4	1043	الحكم التاسع في الأيمان
3	1045	[سورة البقرة (٢): آية ٢٢٥]
3	1047	[سورة البقرة (٢): الآيات ٢٢٦ إلى ٢٢٧]
4	1047	الحكم العاشر فيما يتعلق بالإيلاء والطلاق
3	1052	[سورة البقرة (٢): آية ٢٢٨]
4	1052	الحكم الحادي عشر في الطلاق
3	1060	[سورة البقرة (٢): آية ٢٢٩]
3	1067	[سورة البقرة (٢): آية ٢٣٠]
3	1070	[سورة البقرة (٢): آية ٢٣١]
3	1073	[سورة البقرة (٢): آية ٢٣٢]
3	1077	[سورة البقرة (٢): آية ٢٣٣]
4	1077	الحكم الثاني عشر في الرضاع
3	1084	[سورة البقرة (٢): آية ٢٣٤]
4	1084	الحكم الثالث عشر عدة الوفاة
3	1088	[سورة البقرة (٢): آية ٢٣٥]
4	1088	الحكم الرابع عشر في خطبة النساء
3	1092	[سورة البقرة (٢): آية ٢٣٦]
4	1092	الحكم الخامس عشر حكم المطلقة قبل الدخول
3	1097	[سورة البقرة (٢): آية ٢٣٧]
3	1101	[سورة البقرة (٢): آية ٢٣٨]
4	1101	الحكم السادس عشر حكم المحافظة على الصلوات والصلاة الوسطى
3	1107	[سورة البقرة (٢): آية ٢٣٩]
3	1110	[سورة البقرة (٢): آية ٢٤٠]
4	1110	الحكم السابع عشر الوفاة
3	1113	[سورة البقرة (٢): الآيات ٢٤١ إلى ٢٤٢]
4	1113	الحكم الثامن عشر في المطلقات
3	1114	[سورة البقرة (٢): آية ٢٤٣]
4	1114	القصة الأولى من قصص بني إسرائيل
3	1117	[سورة البقرة (٢): آية ٢٤٤]
3	1117	[سورة البقرة (٢): آية ٢٤٥]
3	1120	[سورة البقرة (٢): آية ٢٤٦]
4	1120	القصة الثانية قصة طالوت
3	1122	[سورة البقرة (٢): آية ٢٤٧]
3	1124	[سورة البقرة (٢): الآيات ٢٤٨ إلى ٢٤٩]
3	1133	[سورة البقرة (٢): آية ٢٥٠]
3	1134	[سورة البقرة (٢): آية ٢٥١]
3	1139	[سورة البقرة (٢): آية ٢٥٢]
3	1140	[سورة البقرة (٢): آية ٢٥٣]
3	1149	[سورة البقرة (٢): آية ٢٥٤]
1	1152	الجزء السابع
2	1152	تتمة سورة البقرة
3	1152	[سورة البقرة (٢): آية ٢٥٥]
3	1162	[سورة البقرة (٢): آية ٢٥٦]
3	1164	[سورة البقرة (٢): آية ٢٥٧]
2	1167	[سورة البقرة (٢): الآيات ٢٥٨ إلى ٢٥٩]
3	1167	القصة الاول
4	1173	القصة الثانية
3	1181	[سورة البقرة (٢): آية ٢٦٠]
4	1181	القصة الثالثة
3	1186	[سورة البقرة (٢): آية ٢٦١]
4	1186	الحكم الأول في بيان التكاليف المعتبرة في إنفاق الأموال
3	1187	[سورة البقرة (٢): آية ٢٦٢]
3	1189	[سورة البقرة (٢): الآيات ٢٦٣ إلى ٢٦٥]
3	1197	[سورة البقرة (٢): آية ٢٦٦]
3	1199	[سورة البقرة (٢): آية ٢٦٧]
3	1202	[سورة البقرة (٢): آية ٢٦٨]
3	1204	[سورة البقرة (٢): آية ٢٦٩]
3	1206	[سورة البقرة (٢): آية ٢٧٠]
3	1208	[سورة البقرة (٢): آية ٢٧١]
3	1212	[سورة البقرة (٢): آية ٢٧٢]
3	1214	[سورة البقرة (٢): آية ٢٧٣]
3	1217	[سورة البقرة (٢): آية ٢٧٤]
3	1218	[سورة البقرة (٢): آية ٢٧٥]
4	1218	الحكم الثاني: من الأحكام الشرعية المذكورة في هذا الموضع من هذه السورة حكم الربا:
3	1227	[سورة البقرة (٢): آية ٢٧٦]
3	1228	[سورة البقرة (٢): آية ٢٧٧]
3	1229	[سورة البقرة (٢): الآيات ٢٧٨ إلى ٢٨١]
3	1236	[سورة البقرة (٢): آية ٢٨٢]
4	1236	الحكم الثالث: من الأحكام الشرعية المذكورة في هذا الموضع من هذه السورة آية المداينة.
3	1246	[سورة البقرة (٢): آية ٢٨٣]
3	1249	[سورة البقرة (٢): آية ٢٨٤]
3	1252	[سورة البقرة (٢): آية ٢٨٥]
3	1262	[سورة البقرة (٢): آية ٢٨٦]
2	1273	سورة آل عمران
3	1273	[سورة آل عمران (٣): الآيات ١ إلى ٢]
3	1277	[سورة آل عمران (٣): آية ٣]
3	1279	[سورة آل عمران (٣): آية ٤]
3	1281	[سورة آل عمران (٣): الآيات ٥ إلى ٦]
3	1284	[سورة آل عمران (٣): آية ٧]
3	1295	[سورة آل عمران (٣): آية ٨]
3	1297	[سورة آل عمران (٣): آية ٩]
3	1299	[سورة آل عمران (٣): آية ١٠]
3	1300	[سورة آل عمران (٣): آية ١١]
3	1301	[سورة آل عمران (٣): آية ١٢]
3	1302	[سورة آل عمران (٣): آية ١٣]
3	1306	[سورة آل عمران (٣): آية ١٤]
3	1310	[سورة آل عمران (٣): آية ١٥]
3	1312	[سورة آل عمران (٣): آية ١٦]
3	1313	[سورة آل عمران (٣): آية ١٧]
3	1315	[سورة آل عمران (٣): آية ١٨]
3	1318	[سورة آل عمران (٣): آية ١٩]
3	1320	[سورة آل عمران (٣): آية ٢٠]
3	1323	[سورة آل عمران (٣): الآيات ٢١ إلى ٢٢]
3	1325	[سورة آل عمران (٣): الآيات ٢٣ إلى ٢٥]
1	1329	الجزء الثامن
2	1329	تتمة سورة آل عمران
3	1329	[سورة آل عمران (٣): الآيات ٢٦ إلى ٢٧]
3	1335	[سورة آل عمران (٣): آية ٢٨]
3	1338	[سورة آل عمران (٣): آية ٢٩]
3	1339	[سورة آل عمران (٣): آية ٣٠]
3	1341	[سورة آل عمران (٣): آية ٣١]
3	1342	[سورة آل عمران (٣): آية ٣٢]
3	1342	[سورة آل عمران (٣): الآيات ٣٣ إلى ٣٤]
3	1346	[سورة آل عمران (٣): الآيات ٣٥ إلى ٣٧]
4	1346	القصة الاولى واقعة حنة أم مريم ﵉
3	1352	[سورة آل عمران (٣): آية ٣٨]
4	1352	القصة الثانية واقعة زكريا ﵇
3	1354	[سورة آل عمران (٣): الآيات ٣٩ إلى ٤٠]
3	1359	[سورة آل عمران (٣): آية ٤١]
3	1361	[سورة آل عمران (٣): الآيات ٤٢ إلى ٤٣]
4	1361	القصة الثالثة وصفه طهارة مريم صلوات الله عليها
3	1363	[سورة آل عمران (٣): آية ٤٤]
3	1364	[سورة آل عمران (٣): الآيات ٤٥ إلى ٤٦]
3	1370	[سورة آل عمران (٣): الآيات ٤٧ إلى ٤٨]
3	1370	[سورة آل عمران (٣): آية ٤٩]
3	1374	[سورة آل عمران (٣): الآيات ٥٠ إلى ٥١]
3	1375	[سورة آل عمران (٣): الآيات ٥٢ إلى ٥٤]
3	1381	[سورة آل عمران (٣): آية ٥٥]
3	1384	[سورة آل عمران (٣): آية ٥٦]
3	1385	[سورة آل عمران (٣): آية ٥٧]
3	1386	[سورة آل عمران (٣): آية ٥٨]
3	1386	[سورة آل عمران (٣): آية ٥٩]
3	1388	[سورة آل عمران (٣): آية ٦٠]
3	1389	[سورة آل عمران (٣): آية ٦١]
3	1394	[سورة آل عمران (٣): الآيات ٦٢ إلى ٦٣]
3	1395	[سورة آل عمران (٣): آية ٦٤]
3	1397	[سورة آل عمران (٣): آية ٦٥]
3	1397	[سورة آل عمران (٣): الآيات ٦٦ إلى ٦٨]
3	1399	[سورة آل عمران (٣): آية ٦٩]
3	1399	[سورة آل عمران (٣): آية ٧٠]
3	1400	[سورة آل عمران (٣): آية ٧١]
3	1401	[سورة آل عمران (٣): آية ٧٢]
3	1403	[سورة آل عمران (٣): الآيات ٧٣ إلى ٧٤]
3	1406	[سورة آل عمران (٣): الآيات ٧٥ إلى ٧٦]
3	1409	[سورة آل عمران (٣): آية ٧٧]
3	1411	[سورة آل عمران (٣): آية ٧٨]
3	1413	[سورة آل عمران (٣): الآيات ٧٩ إلى ٨٠]
3	1417	[سورة آل عمران (٣): الآيات ٨١ إلى ٨٢]
3	1423	[سورة آل عمران (٣): آية ٨٣]
3	1425	[سورة آل عمران (٣): آية ٨٤]
3	1426	[سورة آل عمران (٣): آية ٨٥]
3	1427	[سورة آل عمران (٣): الآيات ٨٦ إلى ٨٩]
3	1429	[سورة آل عمران (٣): آية ٩٠]
3	1431	[سورة آل عمران (٣): آية ٩١]
3	1432	[سورة آل عمران (٣): آية ٩٢]
3	1434	[سورة آل عمران (٣): الآيات ٩٣ إلى ٩٥]
3	1438	[سورة آل عمران (٣): الآيات ٩٦ إلى ٩٧]
3	1450	[سورة آل عمران (٣): الآيات ٩٨ إلى ٩٩]
3	1452	[سورة آل عمران (٣): الآيات ١٠٠ إلى ١٠١]
3	1453	[سورة آل عمران (٣): الآيات ١٠٢ إلى ١٠٣]
3	1458	[سورة آل عمران (٣): الآيات ١٠٤ إلى ١٠٩]
3	1467	[سورة آل عمران (٣): الآيات ١١٠ إلى ١١١]
3	1472	[سورة آل عمران (٣): آية ١١٢]
3	1474	[سورة آل عمران (٣): الآيات ١١٣ إلى ١١٥]
3	1479	[سورة آل عمران (٣): آية ١١٦]
3	1480	[سورة آل عمران (٣): آية ١١٧]
3	1483	[سورة آل عمران (٣): آية ١١٨]
3	1485	[سورة آل عمران (٣): آية ١١٩]
3	1487	[سورة آل عمران (٣): آية ١٢٠]
3	1488	[سورة آل عمران (٣): الآيات ١٢١ إلى ١٢٢]
3	1492	[سورة آل عمران (٣): آية ١٢٣]
3	1493	[سورة آل عمران (٣): آية ١٢٤]
3	1497	[سورة آل عمران (٣): آية ١٢٥]
3	1497	[سورة آل عمران (٣): الآيات ١٢٦ إلى ١٢٧]
3	1499	[سورة آل عمران (٣): آية ١٢٨]
3	1501	[سورة آل عمران (٣): آية ١٢٩]
1	1503	الجزء التاسع
2	1503	تتمة سورة آل عمران
3	1503	[سورة آل عمران (٣): الآيات ١٣٠ إلى ١٣٢]
3	1504	[سورة آل عمران (٣): آية ١٣٣]
3	1506	[سورة آل عمران (٣): آية ١٣٤]
3	1507	[سورة آل عمران (٣): الآيات ١٣٥ إلى ١٣٦]
3	1509	[سورة آل عمران (٣): الآيات ١٣٧ إلى ١٣٨]
3	1511	[سورة آل عمران (٣): آية ١٣٩]
3	1511	[سورة آل عمران (٣): الآيات ١٤٠ إلى ١٤١]
3	1515	[سورة آل عمران (٣): الآيات ١٤٢ إلى ١٤٣]
3	1516	[سورة آل عمران (٣): آية ١٤٤]
3	1517	[سورة آل عمران (٣): آية ١٤٥]
3	1519	[سورة آل عمران (٣): آية ١٤٦]
3	1521	[سورة آل عمران (٣): آية ١٤٧]
3	1522	[سورة آل عمران (٣): آية ١٤٨]
3	1523	[سورة آل عمران (٣): الآيات ١٤٩ إلى ١٥٠]
3	1524	[سورة آل عمران (٣): آية ١٥١]
3	1526	[سورة آل عمران (٣): آية ١٥٢]
3	1529	[سورة آل عمران (٣): آية ١٥٣]
3	1532	[سورة آل عمران (٣): آية ١٥٤]
3	1537	[سورة آل عمران (٣): آية ١٥٥]
3	1539	[سورة آل عمران (٣): الآيات ١٥٦ إلى ١٥٨]
3	1545	[سورة آل عمران (٣): آية ١٥٩]
3	1551	[سورة آل عمران (٣): آية ١٦٠]
3	1551	[سورة آل عمران (٣): آية ١٦١]
3	1555	[سورة آل عمران (٣): آية ١٦٢]
3	1556	[سورة آل عمران (٣): آية ١٦٣]
3	1557	[سورة آل عمران (٣): آية ١٦٤]
3	1560	[سورة آل عمران (٣): آية ١٦٥]
3	1561	[سورة آل عمران (٣): الآيات ١٦٦ إلى ١٦٧]
3	1564	[سورة آل عمران (٣): آية ١٦٨]
3	1565	[سورة آل عمران (٣): الآيات ١٦٩ إلى ١٧٠]
3	1570	[سورة آل عمران (٣): آية ١٧١]
3	1571	[سورة آل عمران (٣): آية ١٧٢]
3	1572	[سورة آل عمران (٣): الآيات ١٧٣ إلى ١٧٤]
3	1575	[سورة آل عمران (٣): آية ١٧٥]
3	1576	[سورة آل عمران (٣): آية ١٧٦]
3	1577	[سورة آل عمران (٣): آية ١٧٧]
3	1578	[سورة آل عمران (٣): آية ١٧٨]
3	1581	[سورة آل عمران (٣): آية ١٧٩]
3	1582	[سورة آل عمران (٣): آية ١٨٠]
3	1585	[سورة آل عمران (٣): الآيات ١٨١ إلى ١٨٢]
3	1589	[سورة آل عمران (٣): آية ١٨٣]
3	1590	[سورة آل عمران (٣): الآيات ١٨٤ إلى ١٨٥]
3	1593	[سورة آل عمران (٣): آية ١٨٦]
3	1595	[سورة آل عمران (٣): آية ١٨٧]
3	1596	[سورة آل عمران (٣): الآيات ١٨٨ إلى ١٨٩]
3	1598	[سورة آل عمران (٣): آية ١٩٠]
3	1599	[سورة آل عمران (٣): الآيات ١٩١ إلى ١٩٢]
3	1606	[سورة آل عمران (٣): آية ١٩٣]
3	1608	[سورة آل عمران (٣): آية ١٩٤]
3	1609	[سورة آل عمران (٣): آية ١٩٥]
3	1611	[سورة آل عمران (٣): الآيات ١٩٦ إلى ١٩٧]
3	1612	[سورة آل عمران (٣): آية ١٩٨]
3	1612	[سورة آل عمران (٣): الآيات ١٩٩ إلى ٢٠٠]
2	1615	سورة النساء
3	1615	[سورة النساء (٤): آية ١]
3	1622	[سورة النساء (٤): آية ٢]
3	1625	[سورة النساء (٤): آية ٣]
3	1631	[سورة النساء (٤): آية ٤]
3	1634	[سورة النساء (٤): آية ٥]
3	1637	[سورة النساء (٤): آية ٦]
3	1642	[سورة النساء (٤): آية ٧]
3	1643	[سورة النساء (٤): آية ٨]
3	1645	[سورة النساء (٤): آية ٩]
3	1646	[سورة النساء (٤): آية ١٠]
3	1648	[سورة النساء (٤): آية ١١]
3	1660	[سورة النساء (٤): آية ١٢]
3	1665	[سورة النساء (٤): الآيات ١٣ إلى ١٤]
3	1667	[سورة النساء (٤): آية ١٥]
3	1671	[سورة النساء (٤): آية ١٦]
1	1673	الجزء العاشر
2	1673	تتمة سورة النساء
3	1673	[سورة النساء (٤): آية ١٧]
3	1676	[سورة النساء (٤): آية ١٨]
3	1679	[سورة النساء (٤): آية ١٩]
3	1681	[سورة النساء (٤): الآيات ٢٠ إلى ٢١]
3	1684	[سورة النساء (٤): آية ٢٢]
3	1690	[سورة النساء (٤): آية ٢٣]
3	1701	[سورة النساء (٤): آية ٢٤]
3	1713	[سورة النساء (٤): آية ٢٥]
3	1721	[سورة النساء (٤): آية ٢٦]
3	1722	[سورة النساء (٤): آية ٢٧]
3	1723	[سورة النساء (٤): آية ٢٨]
3	1724	[سورة النساء (٤): الآيات ٢٩ إلى ٣٠]
3	1727	[سورة النساء (٤): آية ٣١]
3	1732	[سورة النساء (٤): آية ٣٢]
3	1735	[سورة النساء (٤): آية ٣٣]
3	1738	[سورة النساء (٤): آية ٣٤]
3	1741	[سورة النساء (٤): آية ٣٥]
3	1743	[سورة النساء (٤): آية ٣٦]
3	1746	[سورة النساء (٤): آية ٣٧]
3	1747	[سورة النساء (٤): آية ٣٨]
3	1747	[سورة النساء (٤): آية ٣٩]
3	1748	[سورة النساء (٤): آية ٤٠]
3	1751	[سورة النساء (٤): الآيات ٤١ إلى ٤٢]
3	1753	[سورة النساء (٤): آية ٤٣]
3	1759	[سورة النساء (٤): الآيات ٤٤ إلى ٤٥]
3	1760	[سورة النساء (٤): آية ٤٦]
3	1763	[سورة النساء (٤): آية ٤٧]
3	1765	[سورة النساء (٤): آية ٤٨]
3	1767	[سورة النساء (٤): الآيات ٤٩ إلى ٥٠]
3	1769	[سورة النساء (٤): الآيات ٥١ إلى ٥٢]
3	1770	[سورة النساء (٤): آية ٥٣]
3	1772	[سورة النساء (٤): الآيات ٥٤ إلى ٥٥]
3	1773	[سورة النساء (٤): آية ٥٦]
3	1775	[سورة النساء (٤): آية ٥٧]
3	1776	[سورة النساء (٤): آية ٥٨]
3	1780	[سورة النساء (٤): آية ٥٩]
3	1787	[سورة النساء (٤): الآيات ٦٠ إلى ٦١]
3	1790	[سورة النساء (٤): الآيات ٦٢ إلى ٦٣]
3	1792	[سورة النساء (٤): آية ٦٤]
3	1795	[سورة النساء (٤): آية ٦٥]
3	1797	[سورة النساء (٤): الآيات ٦٦ إلى ٦٨]
3	1800	[سورة النساء (٤): الآيات ٦٩ إلى ٧٠]
3	1805	[سورة النساء (٤): آية ٧١]
3	1806	[سورة النساء (٤): الآيات ٧٢ إلى ٧٣]
3	1808	[سورة النساء (٤): آية ٧٤]
3	1808	[سورة النساء (٤): آية ٧٥]
3	1810	[سورة النساء (٤): آية ٧٦]
3	1810	[سورة النساء (٤): آية ٧٧]
3	1812	[سورة النساء (٤): آية ٧٨]
3	1815	[سورة النساء (٤): آية ٧٩]
3	1817	[سورة النساء (٤): آية ٨٠]
3	1818	[سورة النساء (٤): آية ٨١]
3	1819	[سورة النساء (٤): آية ٨٢]
3	1821	[سورة النساء (٤): آية ٨٣]
3	1825	[سورة النساء (٤): آية ٨٤]
3	1826	[سورة النساء (٤): آية ٨٥]
3	1829	[سورة النساء (٤): آية ٨٦]
3	1834	[سورة النساء (٤): آية ٨٧]
3	1836	[سورة النساء (٤): آية ٨٨]
3	1837	[سورة النساء (٤): آية ٨٩]
3	1839	[سورة النساء (٤): آية ٩٠]
3	1841	[سورة النساء (٤): آية ٩١]
3	1842	[سورة النساء (٤): آية ٩٢]
3	1850	[سورة النساء (٤): آية ٩٣]
1	1854	الجزء الحادي عشر
2	1854	تتمة سورة النساء
3	1854	[سورة النساء (٤): آية ٩٤]
3	1857	[سورة النساء (٤): الآيات ٩٥ إلى ٩٦]
3	1860	[سورة النساء (٤): الآيات ٩٧ إلى ٩٩]
3	1863	[سورة النساء (٤): آية ١٠٠]
3	1864	[سورة النساء (٤): آية ١٠١]
3	1869	[سورة النساء (٤): الآيات ١٠٢ إلى ١٠٣]
3	1875	[سورة النساء (٤): آية ١٠٤]
3	1876	[سورة النساء (٤): الآيات ١٠٥ إلى ١٠٦]
3	1878	[سورة النساء (٤): آية ١٠٧]
3	1878	[سورة النساء (٤): آية ١٠٨]
3	1879	[سورة النساء (٤): آية ١٠٩]
3	1880	[سورة النساء (٤): آية ١١٠]
3	1880	[سورة النساء (٤): آية ١١١]
3	1880	[سورة النساء (٤): آية ١١٢]
3	1881	[سورة النساء (٤): آية ١١٣]
3	1882	[سورة النساء (٤): آية ١١٤]
3	1883	[سورة النساء (٤): آية ١١٥]
3	1885	[سورة النساء (٤): الآيات ١١٦ إلى ١٢٢]
3	1890	[سورة النساء (٤): آية ١٢٣]
3	1893	[سورة النساء (٤): آية ١٢٤]
3	1893	[سورة النساء (٤): الآيات ١٢٥ إلى ١٢٦]
3	1897	[سورة النساء (٤): آية ١٢٧]
3	1900	[سورة النساء (٤): آية ١٢٨]
3	1902	[سورة النساء (٤): آية ١٢٩]
3	1903	[سورة النساء (٤): آية ١٣٠]
3	1903	[سورة النساء (٤): الآيات ١٣١ إلى ١٣٤]
3	1905	[سورة النساء (٤): آية ١٣٥]
3	1907	[سورة النساء (٤): آية ١٣٦]
3	1909	[سورة النساء (٤): الآيات ١٣٧ إلى ١٣٨]
3	1911	[سورة النساء (٤): آية ١٣٩]
3	1911	[سورة النساء (٤): آية ١٤٠]
3	1912	[سورة النساء (٤): آية ١٤١]
3	1913	[سورة النساء (٤): آية ١٤٢]
3	1914	[سورة النساء (٤): آية ١٤٣]
3	1915	[سورة النساء (٤): آية ١٤٤]
3	1916	[سورة النساء (٤): آية ١٤٥]
3	1917	[سورة النساء (٤): آية ١٤٦]
3	1917	[سورة النساء (٤): آية ١٤٧]
3	1918	[سورة النساء (٤): آية ١٤٨]
3	1919	[سورة النساء (٤): آية ١٤٩]
3	1919	[سورة النساء (٤): الآيات ١٥٠ إلى ١٥١]
3	1920	[سورة النساء (٤): آية ١٥٢]
3	1921	[سورة النساء (٤): الآيات ١٥٣ إلى ١٥٤]
3	1923	[سورة النساء (٤): آية ١٥٥]
3	1924	[سورة النساء (٤): آية ١٥٦]
3	1924	[سورة النساء (٤): الآيات ١٥٧ إلى ١٥٨]
3	1928	[سورة النساء (٤): آية ١٥٩]
3	1929	[سورة النساء (٤): الآيات ١٦٠ إلى ١٦١]
3	1929	[سورة النساء (٤): آية ١٦٢]
3	1930	[سورة النساء (٤): الآيات ١٦٣ إلى ١٦٥]
3	1933	[سورة النساء (٤): آية ١٦٦]
3	1934	[سورة النساء (٤): الآيات ١٦٧ إلى ١٦٩]
3	1935	[سورة النساء (٤): آية ١٧٠]
3	1935	[سورة النساء (٤): الآيات ١٧١ إلى ١٧٣]
3	1939	[سورة النساء (٤): الآيات ١٧٤ إلى ١٧٥]
3	1939	[سورة النساء (٤): آية ١٧٦]
2	1941	سورة المائدة (٥)
3	1941	[سورة المائدة (٥): آية ١]
3	1944	[سورة المائدة (٥): آية ٢]
3	1948	[سورة المائدة (٥): آية ٣]
3	1955	[سورة المائدة (٥): آية ٤]
3	1958	[سورة المائدة (٥): آية ٥]
3	1961	[سورة المائدة (٥): آية ٦]
3	1983	[سورة المائدة (٥): آية ٧]
3	1985	[سورة المائدة (٥): آية ٨]
3	1985	[سورة المائدة (٥): آية ٩]
3	1986	[سورة المائدة (٥): آية ١٠]
3	1986	[سورة المائدة (٥): آية ١١]
3	1987	[سورة المائدة (٥): آية ١٢]
3	1989	[سورة المائدة (٥): آية ١٣]
3	1991	[سورة المائدة (٥): آية ١٤]
3	1991	[سورة المائدة (٥): آية ١٥]
3	1992	[سورة المائدة (٥): آية ١٦]
3	1992	[سورة المائدة (٥): آية ١٧]
3	1993	[سورة المائدة (٥): آية ١٨]
3	1995	[سورة المائدة (٥): آية ١٩]
3	1996	[سورة المائدة (٥): آية ٢٠]
3	1996	[سورة المائدة (٥): آية ٢١]
3	1998	[سورة المائدة (٥): آية ٢٢]
3	1998	[سورة المائدة (٥): آية ٢٣]
3	1999	[سورة المائدة (٥): آية ٢٤]
3	1999	[سورة المائدة (٥): آية ٢٥]
3	2000	[سورة المائدة (٥): آية ٢٦]
3	2001	[سورة المائدة (٥): آية ٢٧]
3	2004	[سورة المائدة (٥): آية ٢٨]
3	2005	[سورة المائدة (٥): آية ٢٩]
3	2005	[سورة المائدة (٥): آية ٣٠]
3	2006	[سورة المائدة (٥): آية ٣١]
3	2007	[سورة المائدة (٥): آية ٣٢]
3	2010	[سورة المائدة (٥): آية ٣٣]
3	2013	[سورة المائدة (٥): آية ٣٤]
3	2013	[سورة المائدة (٥): آية ٣٥]
3	2015	[سورة المائدة (٥): الآيات ٣٦ إلى ٣٧]
3	2016	[سورة المائدة (٥): آية ٣٨]
3	2022	[سورة المائدة (٥): آية ٣٩]
3	2022	[سورة المائدة (٥): آية ٤٠]
3	2023	[سورة المائدة (٥): آية ٤١]
3	2025	[سورة المائدة (٥): آية ٤٢]
3	2027	[سورة المائدة (٥): آية ٤٣]
1	2028	الجزء الثاني عشر
2	2028	تتمة سورة المائدة
3	2028	[سورة المائدة (٥): آية ٤٤]
3	2031	[سورة المائدة (٥): آية ٤٥]
3	2032	[سورة المائدة (٥): آية ٤٦]
3	2033	[سورة المائدة (٥): آية ٤٧]
3	2034	[سورة المائدة (٥): آية ٤٨]
3	2036	[سورة المائدة (٥): آية ٤٩]
3	2037	[سورة المائدة (٥): آية ٥٠]
3	2038	[سورة المائدة (٥): آية ٥١]
3	2038	[سورة المائدة (٥): آية ٥٢]
3	2039	[سورة المائدة (٥): آية ٥٣]
3	2040	[سورة المائدة (٥): آية ٥٤]
3	2045	[سورة المائدة (٥): آية ٥٥]
3	2050	[سورة المائدة (٥): آية ٥٦]
3	2050	[سورة المائدة (٥): آية ٥٧]
3	2051	[سورة المائدة (٥): آية ٥٨]
3	2051	[سورة المائدة (٥): آية ٥٩]
3	2053	[سورة المائدة (٥): آية ٦٠]
3	2054	[سورة المائدة (٥): آية ٦١]
3	2055	[سورة المائدة (٥): آية ٦٢]
3	2056	[سورة المائدة (٥): آية ٦٣]
3	2056	[سورة المائدة (٥): آية ٦٤]
3	2061	[سورة المائدة (٥): آية ٦٥]
3	2061	[سورة المائدة (٥): آية ٦٦]
3	2062	[سورة المائدة (٥): آية ٦٧]
3	2064	[سورة المائدة (٥): آية ٦٨]
3	2065	[سورة المائدة (٥): آية ٦٩]
3	2067	[سورة المائدة (٥): آية ٧٠]
3	2068	[سورة المائدة (٥): آية ٧١]
3	2071	[سورة المائدة (٥): آية ٧٢]
3	2071	[سورة المائدة (٥): آية ٧٣]
3	2072	[سورة المائدة (٥): آية ٧٤]
3	2072	[سورة المائدة (٥): آية ٧٥]
3	2073	[سورة المائدة (٥): آية ٧٦]
3	2073	[سورة المائدة (٥): آية ٧٧]
3	2074	[سورة المائدة (٥): آية ٧٨]
3	2075	[سورة المائدة (٥): آية ٧٩]
3	2075	[سورة المائدة (٥): آية ٨٠]
3	2075	[سورة المائدة (٥): آية ٨١]
3	2076	[سورة المائدة (٥): آية ٨٢]
3	2077	[سورة المائدة (٥): آية ٨٣]
3	2078	[سورة المائدة (٥): آية ٨٤]
3	2078	[سورة المائدة (٥): الآيات ٨٥ إلى ٨٦]
3	2079	[سورة المائدة (٥): آية ٨٧]
3	2081	[سورة المائدة (٥): آية ٨٨]
3	2081	[سورة المائدة (٥): آية ٨٩]
3	2086	[سورة المائدة (٥): آية ٩٠]
3	2087	[سورة المائدة (٥): آية ٩١]
3	2088	[سورة المائدة (٥): آية ٩٢]
3	2089	[سورة المائدة (٥): آية ٩٣]
3	2090	[سورة المائدة (٥): آية ٩٤]
3	2092	[سورة المائدة (٥): آية ٩٥]
3	2100	[سورة المائدة (٥): آية ٩٦]
3	2102	[سورة المائدة (٥): آية ٩٧]
3	2104	[سورة المائدة (٥): آية ٩٨]
3	2104	[سورة المائدة (٥): آية ٩٩]
3	2105	[سورة المائدة (٥): آية ١٠٠]
3	2105	[سورة المائدة (٥): آية ١٠١]
3	2108	[سورة المائدة (٥): آية ١٠٢]
3	2109	[سورة المائدة (٥): آية ١٠٣]
3	2111	[سورة المائدة (٥): آية ١٠٤]
3	2111	[سورة المائدة (٥): آية ١٠٥]
3	2113	[سورة المائدة (٥): آية ١٠٦]
3	2117	[سورة المائدة (٥): آية ١٠٧]
3	2118	[سورة المائدة (٥): آية ١٠٨]
3	2119	[سورة المائدة (٥): آية ١٠٩]
3	2121	[سورة المائدة (٥): آية ١١٠]
3	2124	[سورة المائدة (٥): آية ١١١]
3	2124	[سورة المائدة (٥): آية ١١٢]
3	2126	[سورة المائدة (٥): آية ١١٣]
3	2126	[سورة المائدة (٥): آية ١١٤]
3	2127	[سورة المائدة (٥): آية ١١٥]
3	2128	[سورة المائدة (٥): آية ١١٦]
3	2129	[سورة المائدة (٥): آية ١١٧]
3	2130	[سورة المائدة (٥): آية ١١٨]
3	2131	[سورة المائدة (٥): آية ١١٩]
3	2132	[سورة المائدة (٥): آية ١٢٠]
2	2134	سورة الأنعام
3	2134	[سورة الأنعام (٦): آية ١]
3	2142	[سورة الأنعام (٦): آية ٢]
3	2144	[سورة الأنعام (٦): آية ٣]
3	2146	[سورة الأنعام (٦): آية ٤]
3	2146	[سورة الأنعام (٦): آية ٥]
3	2147	[سورة الأنعام (٦): آية ٦]
3	2148	[سورة الأنعام (٦): آية ٧]
3	2149	[سورة الأنعام (٦): الآيات ٨ إلى ٩]
3	2150	[سورة الأنعام (٦): آية ١٠]
3	2151	[سورة الأنعام (٦): آية ١١]
3	2151	[سورة الأنعام (٦): آية ١٢]
3	2153	[سورة الأنعام (٦): الآيات ١٣ إلى ١٥]
3	2156	[سورة الأنعام (٦): آية ١٦]
3	2157	[سورة الأنعام (٦): آية ١٧]
3	2158	[سورة الأنعام (٦): آية ١٨]
3	2160	[سورة الأنعام (٦): آية ١٩]
3	2163	[سورة الأنعام (٦): آية ٢٠]
3	2164	[سورة الأنعام (٦): الآيات ٢١ إلى ٢٢]
3	2164	[سورة الأنعام (٦): الآيات ٢٣ إلى ٢٤]
3	2167	[سورة الأنعام (٦): آية ٢٥]
3	2170	[سورة الأنعام (٦): آية ٢٦]
3	2170	[سورة الأنعام (٦): الآيات ٢٧ إلى ٢٨]
3	2174	[سورة الأنعام (٦): آية ٢٩]
3	2174	[سورة الأنعام (٦): آية ٣٠]
3	2175	[سورة الأنعام (٦): آية ٣١]
3	2178	[سورة الأنعام (٦): آية ٣٢]
3	2180	[سورة الأنعام (٦): آية ٣٣]
3	2182	[سورة الأنعام (٦): آية ٣٤]
3	2183	[سورة الأنعام (٦): آية ٣٥]
3	2184	[سورة الأنعام (٦): آية ٣٦]
3	2185	[سورة الأنعام (٦): آية ٣٧]
3	2186	[سورة الأنعام (٦): آية ٣٨]
3	2193	[سورة الأنعام (٦): آية ٣٩]
3	2194	[سورة الأنعام (٦): الآيات ٤٠ إلى ٤١]
3	2196	[سورة الأنعام (٦): الآيات ٤٢ إلى ٤٣]
3	2197	[سورة الأنعام (٦): الآيات ٤٤ إلى ٤٥]
3	2198	[سورة الأنعام (٦): آية ٤٦]
3	2199	[سورة الأنعام (٦): آية ٤٧]
3	2200	[سورة الأنعام (٦): الآيات ٤٨ إلى ٤٩]
3	2200	[سورة الأنعام (٦): آية ٥٠]
3	2202	[سورة الأنعام (٦): آية ٥١]
3	2203	[سورة الأنعام (٦): آية ٥٢]
3	2206	[سورة الأنعام (٦): آية ٥٣]
1	2208	الجزء الثالث عشر
2	2208	تتمة سورة الأنعام
3	2208	[سورة الأنعام (٦): آية ٥٤]
3	2211	[سورة الأنعام (٦): الآيات ٥٥ إلى ٥٧]
3	2212	[سورة الأنعام (٦): الآيات ٥٨ إلى ٥٩]
3	2215	[سورة الأنعام (٦): آية ٦٠]
3	2216	[سورة الأنعام (٦): الآيات ٦١ إلى ٦٢]
3	2222	[سورة الأنعام (٦): الآيات ٦٣ إلى ٦٤]
3	2223	[سورة الأنعام (٦): آية ٦٥]
3	2224	[سورة الأنعام (٦): الآيات ٦٦ إلى ٦٧]
3	2225	[سورة الأنعام (٦): آية ٦٨]
3	2226	[سورة الأنعام (٦): الآيات ٦٩ إلى ٧٠]
3	2228	[سورة الأنعام (٦): الآيات ٧١ إلى ٧٢]
3	2230	[سورة الأنعام (٦): آية ٧٣]
3	2232	[سورة الأنعام (٦): آية ٧٤]
3	2237	[سورة الأنعام (٦): آية ٧٥]
3	2241	[سورة الأنعام (٦): الآيات ٧٦ إلى ٧٩]
3	2250	[سورة الأنعام (٦): آية ٨٠]
3	2252	[سورة الأنعام (٦): الآيات ٨١ إلى ٨٢]
3	2252	[سورة الأنعام (٦): آية ٨٣]
3	2254	[سورة الأنعام (٦): الآيات ٨٤ إلى ٨٨]
3	2257	[سورة الأنعام (٦): آية ٨٩]
3	2259	[سورة الأنعام (٦): آية ٩٠]
3	2261	[سورة الأنعام (٦): آية ٩١]
3	2267	[سورة الأنعام (٦): آية ٩٢]
3	2269	[سورة الأنعام (٦): آية ٩٣]
3	2272	[سورة الأنعام (٦): آية ٩٤]
3	2274	[سورة الأنعام (٦): آية ٩٥]
3	2278	[سورة الأنعام (٦): آية ٩٦]
3	2282	[سورة الأنعام (٦): آية ٩٧]
3	2283	[سورة الأنعام (٦): آية ٩٨]
3	2285	[سورة الأنعام (٦): آية ٩٩]
3	2291	[سورة الأنعام (٦): آية ١٠٠]
3	2295	[سورة الأنعام (٦): آية ١٠١]
3	2297	[سورة الأنعام (٦): آية ١٠٢]
3	2300	[سورة الأنعام (٦): آية ١٠٣]
3	2307	[سورة الأنعام (٦): آية ١٠٤]
3	2308	[سورة الأنعام (٦): آية ١٠٥]
3	2310	[سورة الأنعام (٦): الآيات ١٠٦ إلى ١٠٧]
3	2312	[سورة الأنعام (٦): آية ١٠٨]
3	2314	[سورة الأنعام (٦): آية ١٠٩]
3	2317	[سورة الأنعام (٦): آية ١١٠]
3	2320	[سورة الأنعام (٦): آية ١١١]
3	2322	[سورة الأنعام (٦): آية ١١٢]
3	2325	[سورة الأنعام (٦): آية ١١٣]
3	2326	[سورة الأنعام (٦): آية ١١٤]
3	2327	[سورة الأنعام (٦): آية ١١٥]
3	2329	[سورة الأنعام (٦): الآيات ١١٦ إلى ١١٧]
3	2331	[سورة الأنعام (٦): آية ١١٨]
3	2331	[سورة الأنعام (٦): آية ١١٩]
3	2333	[سورة الأنعام (٦): آية ١٢٠]
3	2333	[سورة الأنعام (٦): آية ١٢١]
3	2335	[سورة الأنعام (٦): آية ١٢٢]
3	2338	[سورة الأنعام (٦): آية ١٢٣]
3	2338	[سورة الأنعام (٦): آية ١٢٤]
3	2340	[سورة الأنعام (٦): آية ١٢٥]
3	2348	[سورة الأنعام (٦): آية ١٢٦]
3	2349	[سورة الأنعام (٦): آية ١٢٧]
3	2350	[سورة الأنعام (٦): آية ١٢٨]
3	2352	[سورة الأنعام (٦): آية ١٢٩]
3	2353	[سورة الأنعام (٦): آية ١٣٠]
3	2355	[سورة الأنعام (٦): آية ١٣١]
3	2356	[سورة الأنعام (٦): آية ١٣٢]
3	2356	[سورة الأنعام (٦): الآيات ١٣٣ إلى ١٣٤]
3	2359	[سورة الأنعام (٦): آية ١٣٥]
3	2360	[سورة الأنعام (٦): آية ١٣٦]
3	2361	[سورة الأنعام (٦): آية ١٣٧]
3	2362	[سورة الأنعام (٦): آية ١٣٨]
3	2363	[سورة الأنعام (٦): آية ١٣٩]
3	2364	[سورة الأنعام (٦): آية ١٤٠]
3	2365	[سورة الأنعام (٦): آية ١٤١]
3	2368	[سورة الأنعام (٦): الآيات ١٤٢ إلى ١٤٤]
3	2370	[سورة الأنعام (٦): الآيات ١٤٥ إلى ١٤٧]
3	2375	[سورة الأنعام (٦): الآيات ١٤٨ إلى ١٤٩]
3	2379	[سورة الأنعام (٦): آية ١٥٠]
3	2380	[سورة الأنعام (٦): آية ١٥١]
3	2382	[سورة الأنعام (٦): آية ١٥٢]
1	2385	الجزء الرابع عشر
2	2385	تتمة سورة الأنعام
3	2385	[سورة الأنعام (٦): آية ١٥٣]
3	2386	[سورة الأنعام (٦): آية ١٥٤]
3	2386	[سورة الأنعام (٦): الآيات ١٥٥ إلى ١٥٧]
3	2387	[سورة الأنعام (٦): آية ١٥٨]
3	2388	[سورة الأنعام (٦): آية ١٥٩]
3	2389	[سورة الأنعام (٦): آية ١٦٠]
3	2390	[سورة الأنعام (٦): آية ١٦١]
3	2391	[سورة الأنعام (٦): الآيات ١٦٢ إلى ١٦٣]
3	2391	[سورة الأنعام (٦): آية ١٦٤]
3	2392	[سورة الأنعام (٦): آية ١٦٥]
2	2394	سورة الأعراف
3	2394	[سورة الأعراف (٧): الآيات ١ إلى ٢]
3	2396	[سورة الأعراف (٧): آية ٣]
3	2398	[سورة الأعراف (٧): الآيات ٤ إلى ٥]
3	2400	[سورة الأعراف (٧): الآيات ٦ إلى ٧]
3	2402	[سورة الأعراف (٧): الآيات ٨ إلى ٩]
3	2404	[سورة الأعراف (٧): آية ١٠]
3	2405	[سورة الأعراف (٧): آية ١١]
3	2407	[سورة الأعراف (٧): آية ١٢]
3	2409	[سورة الأعراف (٧): آية ١٣]
3	2410	[سورة الأعراف (٧): الآيات ١٤ إلى ١٧]
3	2416	[سورة الأعراف (٧): آية ١٨]
3	2416	[سورة الأعراف (٧): آية ١٩]
3	2417	[سورة الأعراف (٧): الآيات ٢٠ إلى ٢٢]
3	2421	[سورة الأعراف (٧): آية ٢٣]
3	2421	[سورة الأعراف (٧): الآيات ٢٤ إلى ٢٥]
3	2421	[سورة الأعراف (٧): آية ٢٦]
3	2422	[سورة الأعراف (٧): آية ٢٧]
3	2425	[سورة الأعراف (٧): آية ٢٨]
3	2426	[سورة الأعراف (٧): الآيات ٢٩ إلى ٣٠]
3	2428	[سورة الأعراف (٧): الآيات ٣١ إلى ٣٢]
3	2432	[سورة الأعراف (٧): آية ٣٣]
3	2434	[سورة الأعراف (٧): آية ٣٤]
3	2434	[سورة الأعراف (٧): الآيات ٣٥ إلى ٣٦]
3	2436	[سورة الأعراف (٧): آية ٣٧]
3	2437	[سورة الأعراف (٧): الآيات ٣٨ إلى ٣٩]
3	2439	[سورة الأعراف (٧): الآيات ٤٠ إلى ٤١]
3	2441	[سورة الأعراف (٧): الآيات ٤٢ إلى ٤٣]
3	2445	[سورة الأعراف (٧): الآيات ٤٤ إلى ٤٥]
3	2447	[سورة الأعراف (٧): الآيات ٤٦ إلى ٤٧]
3	2451	[سورة الأعراف (٧): الآيات ٤٨ إلى ٤٩]
3	2452	[سورة الأعراف (٧): الآيات ٥٠ إلى ٥١]
3	2453	[سورة الأعراف (٧): آية ٥٢]
3	2453	[سورة الأعراف (٧): آية ٥٣]
3	2455	[سورة الأعراف (٧): آية ٥٤]
3	2478	[سورة الأعراف (٧): الآيات ٥٥ إلى ٥٦]
3	2486	[سورة الأعراف (٧): الآيات ٥٧ إلى ٥٨]
3	2493	[سورة الأعراف (٧): الآيات ٥٩ إلى ٦٢]
3	2497	[سورة الأعراف (٧): الآيات ٦٣ إلى ٦٤]
3	2499	[سورة الأعراف (٧): الآيات ٦٥ إلى ٦٩]
3	2502	[سورة الأعراف (٧): الآيات ٧٠ إلى ٧٢]
3	2504	[سورة الأعراف (٧): الآيات ٧٣ إلى ٧٤]
3	2506	[سورة الأعراف (٧): الآيات ٧٥ إلى ٧٩]
3	2509	[سورة الأعراف (٧): آية ٨٠]
3	2509	[سورة الأعراف (٧): آية ٨١]
3	2511	[سورة الأعراف (٧): آية ٨٢]
3	2511	[سورة الأعراف (٧): الآيات ٨٣ إلى ٨٤]
3	2512	[سورة الأعراف (٧): آية ٨٥]
3	2514	[سورة الأعراف (٧): الآيات ٨٦ إلى ٨٧]
3	2515	[سورة الأعراف (٧): الآيات ٨٨ إلى ٨٩]
3	2519	[سورة الأعراف (٧): الآيات ٩٠ إلى ٩٣]
3	2520	[سورة الأعراف (٧): الآيات ٩٤ إلى ٩٥]
3	2521	[سورة الأعراف (٧): الآيات ٩٦ إلى ٩٩]
3	2522	[سورة الأعراف (٧): الآيات ١٠٠ إلى ١٠١]
3	2524	[سورة الأعراف (٧): آية ١٠٢]
3	2524	[سورة الأعراف (٧): آية ١٠٣]
3	2525	[سورة الأعراف (٧): الآيات ١٠٤ إلى ١٠٦]
3	2527	[سورة الأعراف (٧): الآيات ١٠٧ إلى ١١٠]
3	2531	[سورة الأعراف (٧): الآيات ١١١ إلى ١١٤]
3	2534	[سورة الأعراف (٧): الآيات ١١٥ إلى ١١٩]
3	2537	[سورة الأعراف (٧): الآيات ١٢٠ إلى ١٢٢]
3	2538	[سورة الأعراف (٧): الآيات ١٢٣ إلى ١٢٦]
3	2540	[سورة الأعراف (٧): الآيات ١٢٧ إلى ١٢٨]
3	2542	[سورة الأعراف (٧): آية ١٢٩]
3	2543	[سورة الأعراف (٧): الآيات ١٣٠ إلى ١٣١]
3	2545	[سورة الأعراف (٧): الآيات ١٣٢ إلى ١٣٣]
3	2547	[سورة الأعراف (٧): الآيات ١٣٤ إلى ١٣٥]
3	2548	[سورة الأعراف (٧): آية ١٣٦]
3	2548	[سورة الأعراف (٧): آية ١٣٧]
3	2549	[سورة الأعراف (٧): الآيات ١٣٨ إلى ١٣٩]
3	2551	[سورة الأعراف (٧): آية ١٤٠]
3	2551	[سورة الأعراف (٧): آية ١٤١]
3	2551	[سورة الأعراف (٧): آية ١٤٢]
3	2553	[سورة الأعراف (٧): آية ١٤٣]
3	2559	[سورة الأعراف (٧): آية ١٤٤]
3	2559	[سورة الأعراف (٧): آية ١٤٥]
1	2562	الجزء الخامس عشر
2	2562	تتمة سورة الأعراف
3	2562	[سورة الأعراف (٧): آية ١٤٦]
3	2563	[سورة الأعراف (٧): آية ١٤٧]
3	2564	[سورة الأعراف (٧): آية ١٤٨]
3	2566	[سورة الأعراف (٧): آية ١٤٩]
3	2567	[سورة الأعراف (٧): الآيات ١٥٠ إلى ١٥١]
3	2570	[سورة الأعراف (٧): الآيات ١٥٢ إلى ١٥٣]
3	2571	[سورة الأعراف (٧): آية ١٥٤]
3	2572	[سورة الأعراف (٧): آية ١٥٥]
3	2575	[سورة الأعراف (٧): آية ١٥٦]
3	2576	[سورة الأعراف (٧): آية ١٥٧]
3	2579	[سورة الأعراف (٧): آية ١٥٨]
3	2584	[سورة الأعراف (٧): آية ١٥٩]
3	2584	[سورة الأعراف (٧): آية ١٦٠]
3	2586	[سورة الأعراف (٧): الآيات ١٦١ إلى ١٦٢]
3	2587	[سورة الأعراف (٧): آية ١٦٣]
3	2588	[سورة الأعراف (٧): الآيات ١٦٤ إلى ١٦٥]
3	2590	[سورة الأعراف (٧): آية ١٦٦]
3	2590	[سورة الأعراف (٧): آية ١٦٧]
3	2592	[سورة الأعراف (٧): آية ١٦٨]
3	2592	[سورة الأعراف (٧): الآيات ١٦٩ إلى ١٧٠]
3	2594	[سورة الأعراف (٧): آية ١٧١]
3	2594	[سورة الأعراف (٧): الآيات ١٧٢ إلى ١٧٤]
3	2600	[سورة الأعراف (٧): الآيات ١٧٥ إلى ١٧٦]
3	2603	[سورة الأعراف (٧): آية ١٧٧]
3	2603	[سورة الأعراف (٧): آية ١٧٨]
3	2605	[سورة الأعراف (٧): آية ١٧٩]
3	2609	[سورة الأعراف (٧): آية ١٨٠]
3	2614	[سورة الأعراف (٧): آية ١٨١]
3	2615	[سورة الأعراف (٧): الآيات ١٨٢ إلى ١٨٣]
3	2616	[سورة الأعراف (٧): آية ١٨٤]
3	2617	[سورة الأعراف (٧): آية ١٨٥]
3	2619	[سورة الأعراف (٧): آية ١٨٦]
3	2619	[سورة الأعراف (٧): آية ١٨٧]
3	2622	[سورة الأعراف (٧): آية ١٨٨]
3	2623	[سورة الأعراف (٧): الآيات ١٨٩ إلى ١٩٠]
3	2627	[سورة الأعراف (٧): الآيات ١٩١ إلى ١٩٤]
3	2629	[سورة الأعراف (٧): آية ١٩٥]
3	2630	[سورة الأعراف (٧): الآيات ١٩٦ إلى ١٩٨]
3	2631	[سورة الأعراف (٧): آية ١٩٩]
3	2632	[سورة الأعراف (٧): آية ٢٠٠]
3	2633	[سورة الأعراف (٧): الآيات ٢٠١ إلى ٢٠٢]
3	2635	[سورة الأعراف (٧): آية ٢٠٣]
3	2636	[سورة الأعراف (٧): آية ٢٠٤]
3	2638	[سورة الأعراف (٧): آية ٢٠٥]
3	2642	[سورة الأعراف (٧): آية ٢٠٦]
2	2644	سورة الأنفال
3	2644	[سورة الأنفال (٨): آية ١]
3	2647	[سورة الأنفال (٨): الآيات ٢ إلى ٤]
3	2653	[سورة الأنفال (٨): الآيات ٥ إلى ٦]
3	2654	[سورة الأنفال (٨): الآيات ٧ إلى ٨]
3	2656	[سورة الأنفال (٨): الآيات ٩ إلى ١٠]
3	2657	[سورة الأنفال (٨): الآيات ١١ إلى ١٣]
3	2661	[سورة الأنفال (٨): آية ١٤]
3	2661	[سورة الأنفال (٨): الآيات ١٥ إلى ١٦]
3	2663	[سورة الأنفال (٨): آية ١٧]
3	2664	[سورة الأنفال (٨): الآيات ١٨ إلى ١٩]
3	2666	[سورة الأنفال (٨): الآيات ٢٠ إلى ٢٣]
3	2668	[سورة الأنفال (٨): آية ٢٤]
3	2670	[سورة الأنفال (٨): آية ٢٥]
3	2671	[سورة الأنفال (٨): آية ٢٦]
3	2672	[سورة الأنفال (٨): الآيات ٢٧ إلى ٢٨]
3	2673	[سورة الأنفال (٨): آية ٢٩]
3	2674	[سورة الأنفال (٨): آية ٣٠]
3	2675	[سورة الأنفال (٨): الآيات ٣١ إلى ٣٤]
3	2677	[سورة الأنفال (٨): آية ٣٥]
3	2678	[سورة الأنفال (٨): الآيات ٣٦ إلى ٣٧]
3	2679	[سورة الأنفال (٨): آية ٣٨]
3	2680	[سورة الأنفال (٨): الآيات ٣٩ إلى ٤٠]
3	2681	[سورة الأنفال (٨): آية ٤١]
3	2683	[سورة الأنفال (٨): آية ٤٢]
3	2684	[سورة الأنفال (٨): آية ٤٣]
3	2685	[سورة الأنفال (٨): آية ٤٤]
3	2686	[سورة الأنفال (٨): الآيات ٤٥ إلى ٤٧]
3	2688	[سورة الأنفال (٨): آية ٤٨]
3	2690	[سورة الأنفال (٨): آية ٤٩]
3	2690	[سورة الأنفال (٨): الآيات ٥٠ إلى ٥١]
3	2692	[سورة الأنفال (٨): الآيات ٥٢ إلى ٥٤]
3	2694	[سورة الأنفال (٨): الآيات ٥٥ إلى ٥٦]
3	2694	[سورة الأنفال (٨): الآيات ٥٧ إلى ٥٨]
3	2695	[سورة الأنفال (٨): آية ٥٩]
3	2696	[سورة الأنفال (٨): آية ٦٠]
3	2697	[سورة الأنفال (٨): آية ٦١]
3	2698	[سورة الأنفال (٨): الآيات ٦٢ إلى ٦٣]
3	2700	[سورة الأنفال (٨): الآيات ٦٤ إلى ٦٥]
3	2702	[سورة الأنفال (٨): آية ٦٦]
3	2704	[سورة الأنفال (٨): الآيات ٦٧ إلى ٦٩]
3	2710	[سورة الأنفال (٨): الآيات ٧٠ إلى ٧١]
3	2712	[سورة الأنفال (٨): الآيات ٧٢ إلى ٧٥]
2	2718	سورة التوبة
3	2719	[سورة التوبة (٩): الآيات ١ إلى ٢]
3	2722	[سورة التوبة (٩): آية ٣]
3	2724	[سورة التوبة (٩): آية ٤]
3	2725	[سورة التوبة (٩): آية ٥]
3	2726	[سورة التوبة (٩): آية ٦]
3	2728	[سورة التوبة (٩): آية ٧]
3	2728	[سورة التوبة (٩): الآيات ٨ إلى ١٠]
3	2730	[سورة التوبة (٩): الآيات ١١ إلى ١٢]
3	2732	[سورة التوبة (٩): آية ١٣]
1	2734	الجزء السادس عشر
2	2734	تتمة سورة التوبة
3	2734	[سورة التوبة (٩): الآيات ١٤ إلى ١٥]
3	2736	[سورة التوبة (٩): آية ١٦]
3	2737	[سورة التوبة (٩): الآيات ١٧ إلى ١٨]
3	2741	[سورة التوبة (٩): آية ١٩]
3	2742	[سورة التوبة (٩): الآيات ٢٠ إلى ٢٢]
3	2745	[سورة التوبة (٩): آية ٢٣]
3	2746	[سورة التوبة (٩): آية ٢٤]
3	2747	[سورة التوبة (٩): الآيات ٢٥ إلى ٢٧]
3	2749	[سورة التوبة (٩): آية ٢٨]
3	2752	[سورة التوبة (٩): آية ٢٩]
3	2756	[سورة التوبة (٩): آية ٣٠]
3	2759	[سورة التوبة (٩): آية ٣١]
3	2760	[سورة التوبة (٩): آية ٣٢]
3	2761	[سورة التوبة (٩): آية ٣٣]
3	2762	[سورة التوبة (٩): الآيات ٣٤ إلى ٣٥]
3	2769	[سورة التوبة (٩): آية ٣٦]
3	2773	[سورة التوبة (٩): آية ٣٧]
3	2775	[سورة التوبة (٩): آية ٣٨]
3	2777	[سورة التوبة (٩): آية ٣٩]
3	2778	[سورة التوبة (٩): آية ٤٠]
3	2784	[سورة التوبة (٩): آية ٤١]
3	2785	[سورة التوبة (٩): آية ٤٢]
3	2786	[سورة التوبة (٩): آية ٤٣]
3	2788	[سورة التوبة (٩): الآيات ٤٤ إلى ٤٦]
3	2792	[سورة التوبة (٩): آية ٤٧]
3	2794	[سورة التوبة (٩): الآيات ٤٨ إلى ٤٩]
3	2795	[سورة التوبة (٩): الآيات ٥٠ إلى ٥١]
3	2796	[سورة التوبة (٩): آية ٥٢]
3	2797	[سورة التوبة (٩): آية ٥٣]
3	2798	[سورة التوبة (٩): آية ٥٤]
3	2800	[سورة التوبة (٩): آية ٥٥]
3	2803	[سورة التوبة (٩): الآيات ٥٦ إلى ٥٧]
3	2804	[سورة التوبة (٩): الآيات ٥٨ إلى ٥٩]
3	2806	[سورة التوبة (٩): آية ٦٠]
3	2818	[سورة التوبة (٩): آية ٦١]
3	2820	[سورة التوبة (٩): آية ٦٢]
3	2821	[سورة التوبة (٩): آية ٦٣]
3	2822	[سورة التوبة (٩): آية ٦٤]
3	2823	[سورة التوبة (٩): الآيات ٦٥ إلى ٦٦]
3	2826	[سورة التوبة (٩): آية ٦٧]
3	2827	[سورة التوبة (٩): الآيات ٦٨ إلى ٦٩]
3	2828	[سورة التوبة (٩): آية ٧٠]
3	2829	[سورة التوبة (٩): آية ٧١]
3	2830	[سورة التوبة (٩): آية ٧٢]
3	2832	[سورة التوبة (٩): آية ٧٣]
3	2832	[سورة التوبة (٩): آية ٧٤]
3	2834	[سورة التوبة (٩): الآيات ٧٥ إلى ٧٨]
3	2839	[سورة التوبة (٩): آية ٧٩]
3	2840	[سورة التوبة (٩): آية ٨٠]
3	2842	[سورة التوبة (٩): الآيات ٨١ إلى ٨٢]
3	2843	[سورة التوبة (٩): آية ٨٣]
3	2844	[سورة التوبة (٩): آية ٨٤]
3	2846	[سورة التوبة (٩): آية ٨٥]
3	2847	[سورة التوبة (٩): الآيات ٨٦ إلى ٨٧]
3	2848	[سورة التوبة (٩): الآيات ٨٨ إلى ٨٩]
3	2849	[سورة التوبة (٩): آية ٩٠]
3	2849	[سورة التوبة (٩): الآيات ٩١ إلى ٩٢]
3	2852	[سورة التوبة (٩): الآيات ٩٣ إلى ٩٤]
3	2853	[سورة التوبة (٩): الآيات ٩٥ إلى ٩٦]
3	2853	[سورة التوبة (٩): الآيات ٩٧ إلى ٩٨]
3	2855	[سورة التوبة (٩): آية ٩٩]
3	2856	[سورة التوبة (٩): آية ١٠٠]
3	2859	[سورة التوبة (٩): آية ١٠١]
3	2860	[سورة التوبة (٩): الآيات ١٠٢ إلى ١٠٣]
3	2868	[سورة التوبة (٩): آية ١٠٤]
3	2870	[سورة التوبة (٩): آية ١٠٥]
3	2873	[سورة التوبة (٩): آية ١٠٦]
3	2875	[سورة التوبة (٩): آية ١٠٧]
3	2876	[سورة التوبة (٩): الآيات ١٠٨ إلى ١١٠]
3	2879	[سورة التوبة (٩): آية ١١١]
3	2881	[سورة التوبة (٩): آية ١١٢]
3	2886	[سورة التوبة (٩): الآيات ١١٣ إلى ١١٤]
3	2889	[سورة التوبة (٩): الآيات ١١٥ إلى ١١٦]
3	2890	[سورة التوبة (٩): آية ١١٧]
3	2893	[سورة التوبة (٩): آية ١١٨]
3	2895	[سورة التوبة (٩): آية ١١٩]
3	2897	[سورة التوبة (٩): الآيات ١٢٠ إلى ١٢١]
3	2899	[سورة التوبة (٩): آية ١٢٢]
3	2901	[سورة التوبة (٩): آية ١٢٣]
3	2903	[سورة التوبة (٩): الآيات ١٢٤ إلى ١٢٥]
3	2904	[سورة التوبة (٩): آية ١٢٦]
3	2905	[سورة التوبة (٩): آية ١٢٧]
3	2906	[سورة التوبة (٩): آية ١٢٨]
3	2908	[سورة التوبة (٩): آية ١٢٩]
1	2910	الجزء السابع عشر
2	2910	سورة يونس
3	2910	[سورة يونس (١٠): آية ١]
3	2912	[سورة يونس (١٠): آية ٢]
3	2915	[سورة يونس (١٠): آية ٣]
3	2920	[سورة يونس (١٠): آية ٤]
3	2934	[سورة يونس (١٠): آية ٥]
3	2937	[سورة يونس (١٠): آية ٦]
3	2937	[سورة يونس (١٠): الآيات ٧ إلى ٨]
3	2939	[سورة يونس (١٠): الآيات ٩ إلى ١٠]
3	2945	[سورة يونس (١٠): آية ١١]
3	2946	[سورة يونس (١٠): آية ١٢]
3	2949	[سورة يونس (١٠): الآيات ١٣ إلى ١٤]
3	2950	[سورة يونس (١٠): آية ١٥]
3	2952	[سورة يونس (١٠): آية ١٦]
3	2953	[سورة يونس (١٠): آية ١٧]
3	2953	[سورة يونس (١٠): آية ١٨]
3	2955	[سورة يونس (١٠): آية ١٩]
3	2957	[سورة يونس (١٠): آية ٢٠]
3	2957	[سورة يونس (١٠): آية ٢١]
3	2959	[سورة يونس (١٠): الآيات ٢٢ إلى ٢٣]
3	2963	[سورة يونس (١٠): آية ٢٤]
3	2965	[سورة يونس (١٠): آية ٢٥]
3	2966	[سورة يونس (١٠): آية ٢٦]
3	2969	[سورة يونس (١٠): آية ٢٧]
3	2970	[سورة يونس (١٠): الآيات ٢٨ إلى ٢٩]
3	2972	[سورة يونس (١٠): آية ٣٠]
3	2973	[سورة يونس (١٠): الآيات ٣١ إلى ٣٣]
3	2975	[سورة يونس (١٠): آية ٣٤]
3	2976	[سورة يونس (١٠): الآيات ٣٥ إلى ٣٦]
3	2979	[سورة يونس (١٠): الآيات ٣٧ إلى ٣٩]
3	2983	[سورة يونس (١٠): الآيات ٤٠ إلى ٤١]
3	2984	[سورة يونس (١٠): الآيات ٤٢ إلى ٤٤]
3	2986	[سورة يونس (١٠): الآيات ٤٥ إلى ٤٦]
3	2988	[سورة يونس (١٠): آية ٤٧]
3	2989	[سورة يونس (١٠): الآيات ٤٨ إلى ٤٩]
3	2990	[سورة يونس (١٠): الآيات ٥٠ إلى ٥٢]
3	2991	[سورة يونس (١٠): الآيات ٥٣ إلى ٥٤]
3	2992	[سورة يونس (١٠): الآيات ٥٥ إلى ٥٦]
3	2994	[سورة يونس (١٠): الآيات ٥٧ إلى ٥٨]
3	2998	[سورة يونس (١٠): الآيات ٥٩ إلى ٦٠]
3	2999	[سورة يونس (١٠): آية ٦١]
3	3002	[سورة يونس (١٠): الآيات ٦٢ إلى ٦٤]
3	3005	[سورة يونس (١٠): الآيات ٦٥ إلى ٦٦]
3	3007	[سورة يونس (١٠): آية ٦٧]
3	3007	[سورة يونس (١٠): آية ٦٨]
3	3009	[سورة يونس (١٠): الآيات ٦٩ إلى ٧٠]
3	3009	[سورة يونس (١٠): الآيات ٧١ إلى ٧٢]
3	3013	[سورة يونس (١٠): آية ٧٣]
3	3013	[سورة يونس (١٠): آية ٧٤]
3	3013	[سورة يونس (١٠): الآيات ٧٥ إلى ٧٧]
3	3014	[سورة يونس (١٠): الآيات ٧٨ إلى ٨٢]
3	3015	[سورة يونس (١٠): آية ٨٣]
3	3016	[سورة يونس (١٠): الآيات ٨٤ إلى ٨٦]
3	3017	[سورة يونس (١٠): آية ٨٧]
3	3018	[سورة يونس (١٠): الآيات ٨٨ إلى ٨٩]
3	3022	[سورة يونس (١٠): الآيات ٩٠ إلى ٩٢]
3	3025	[سورة يونس (١٠): آية ٩٣]
3	3026	[سورة يونس (١٠): الآيات ٩٤ إلى ٩٧]
3	3029	[سورة يونس (١٠): آية ٩٨]
3	3031	[سورة يونس (١٠): الآيات ٩٩ إلى ١٠٠]
3	3033	[سورة يونس (١٠): آية ١٠١]
3	3034	[سورة يونس (١٠): الآيات ١٠٢ إلى ١٠٣]
3	3035	[سورة يونس (١٠): الآيات ١٠٤ إلى ١٠٦]
3	3036	[سورة يونس (١٠): آية ١٠٧]
3	3037	[سورة يونس (١٠): آية ١٠٨]
3	3038	[سورة يونس (١٠): آية ١٠٩]
2	3039	سورة هود
3	3039	[سورة هود (١١): آية ١]
3	3041	[سورة هود (١١): الآيات ٢ إلى ٤]
3	3044	[سورة هود (١١): آية ٥]
3	3045	[سورة هود (١١): آية ٦]
3	3046	[سورة هود (١١): آية ٧]
3	3047	[سورة هود (١١): آية ٨]
3	3048	[سورة هود (١١): الآيات ٩ إلى ١١]
3	3050	[سورة هود (١١): آية ١٢]
3	3051	[سورة هود (١١): آية ١٣]
3	3052	[سورة هود (١١): آية ١٤]
3	3054	[سورة هود (١١): الآيات ١٥ إلى ١٦]
3	3056	[سورة هود (١١): آية ١٧]
3	3058	[سورة هود (١١): الآيات ١٨ إلى ١٩]
3	3059	[سورة هود (١١): الآيات ٢٠ إلى ٢٢]
3	3062	[سورة هود (١١): آية ٢٣]
3	3062	[سورة هود (١١): آية ٢٤]
3	3063	[سورة هود (١١): الآيات ٢٥ إلى ٢٦]
3	3063	[سورة هود (١١): آية ٢٧]
3	3065	[سورة هود (١١): آية ٢٨]
3	3066	[سورة هود (١١): الآيات ٢٩ إلى ٣١]
3	3068	[سورة هود (١١): الآيات ٣٢ إلى ٣٤]
3	3070	[سورة هود (١١): آية ٣٥]
3	3070	[سورة هود (١١): آية ٣٦]
3	3071	[سورة هود (١١): آية ٣٧]
3	3072	[سورة هود (١١): الآيات ٣٨ إلى ٣٩]
3	3073	[سورة هود (١١): آية ٤٠]
3	3075	[سورة هود (١١): آية ٤١]
3	3077	[سورة هود (١١): الآيات ٤٢ إلى ٤٣]
3	3080	[سورة هود (١١): آية ٤٤]
1	3082	الجزء الثامن عشر
2	3082	تتمة سورة هود
3	3082	[سورة هود (١١): الآيات ٤٥ إلى ٤٧]
3	3085	[سورة هود (١١): آية ٤٨]
3	3086	[سورة هود (١١): آية ٤٩]
3	3087	[سورة هود (١١): الآيات ٥٠ إلى ٥١]
3	3088	[سورة هود (١١): آية ٥٢]
3	3089	[سورة هود (١١): الآيات ٥٣ إلى ٥٦]
3	3090	[سورة هود (١١): آية ٥٧]
3	3090	[سورة هود (١١): الآيات ٥٨ إلى ٦٠]
3	3092	[سورة هود (١١): الآيات ٦١ إلى ٦٢]
3	3093	[سورة هود (١١): آية ٦٣]
3	3094	[سورة هود (١١): الآيات ٦٤ إلى ٦٥]
3	3095	[سورة هود (١١): الآيات ٦٦ إلى ٦٨]
3	3096	[سورة هود (١١): الآيات ٦٩ إلى ٧١]
3	3100	[سورة هود (١١): الآيات ٧٢ إلى ٧٣]
3	3101	[سورة هود (١١): الآيات ٧٤ إلى ٧٥]
3	3102	[سورة هود (١١): الآيات ٧٦ إلى ٧٧]
3	3103	[سورة هود (١١): الآيات ٧٨ إلى ٨٠]
3	3105	[سورة هود (١١): آية ٨١]
3	3107	[سورة هود (١١): الآيات ٨٢ إلى ٨٣]
3	3109	[سورة هود (١١): الآيات ٨٤ إلى ٨٦]
3	3111	[سورة هود (١١): آية ٨٧]
3	3112	[سورة هود (١١): الآيات ٨٨ إلى ٩٠]
3	3115	[سورة هود (١١): آية ٩١]
3	3116	[سورة هود (١١): الآيات ٩٢ إلى ٩٣]
3	3117	[سورة هود (١١): الآيات ٩٤ إلى ٩٥]
3	3118	[سورة هود (١١): الآيات ٩٦ إلى ٩٩]
3	3120	[سورة هود (١١): الآيات ١٠٠ إلى ١٠١]
3	3121	[سورة هود (١١): الآيات ١٠٢ إلى ١٠٤]
3	3122	[سورة هود (١١): الآيات ١٠٥ إلى ١٠٨]
3	3129	[سورة هود (١١): آية ١٠٩]
3	3129	[سورة هود (١١): الآيات ١١٠ إلى ١١١]
3	3131	[سورة هود (١١): الآيات ١١٢ إلى ١١٣]
3	3132	[سورة هود (١١): الآيات ١١٤ إلى ١١٥]
3	3134	[سورة هود (١١): آية ١١٦]
3	3135	[سورة هود (١١): الآيات ١١٧ إلى ١١٩]
3	3137	[سورة هود (١١): آية ١٢٠]
3	3138	[سورة هود (١١): الآيات ١٢١ إلى ١٢٣]
2	3141	سورة يوسف
3	3141	[سورة يوسف (١٢): الآيات ١ إلى ٢]
3	3142	[سورة يوسف (١٢): آية ٣]
3	3143	[سورة يوسف (١٢): آية ٤]
3	3145	[سورة يوسف (١٢): الآيات ٥ إلى ٦]
3	3147	[سورة يوسف (١٢): الآيات ٧ إلى ٨]
3	3149	[سورة يوسف (١٢): الآيات ٩ إلى ١٠]
3	3150	[سورة يوسف (١٢): الآيات ١١ إلى ١٢]
3	3151	[سورة يوسف (١٢): الآيات ١٣ إلى ١٤]
3	3152	[سورة يوسف (١٢): آية ١٥]
3	3153	[سورة يوسف (١٢): الآيات ١٦ إلى ١٨]
3	3157	[سورة يوسف (١٢): الآيات ١٩ إلى ٢٠]
3	3159	[سورة يوسف (١٢): آية ٢١]
3	3161	[سورة يوسف (١٢): آية ٢٢]
3	3162	[سورة يوسف (١٢): آية ٢٣]
3	3164	[سورة يوسف (١٢): آية ٢٤]
3	3169	[سورة يوسف (١٢): الآيات ٢٥ إلى ٢٩]
3	3172	[سورة يوسف (١٢): الآيات ٣٠ إلى ٣١]
3	3175	[سورة يوسف (١٢): آية ٣٢]
3	3176	[سورة يوسف (١٢): الآيات ٣٣ إلى ٣٤]
3	3177	[سورة يوسف (١٢): الآيات ٣٥ إلى ٣٦]
3	3180	[سورة يوسف (١٢): الآيات ٣٧ إلى ٣٨]
3	3182	[سورة يوسف (١٢): الآيات ٣٩ إلى ٤٠]
3	3185	[سورة يوسف (١٢): آية ٤١]
3	3185	[سورة يوسف (١٢): آية ٤٢]
3	3188	[سورة يوسف (١٢): الآيات ٤٣ إلى ٤٤]
3	3189	[سورة يوسف (١٢): الآيات ٤٥ إلى ٤٦]
3	3190	[سورة يوسف (١٢): الآيات ٤٧ إلى ٤٩]
3	3191	[سورة يوسف (١٢): الآيات ٥٠ إلى ٥٢]
3	3194	[سورة يوسف (١٢): آية ٥٣]
3	3196	[سورة يوسف (١٢): الآيات ٥٤ إلى ٥٥]
3	3199	[سورة يوسف (١٢): الآيات ٥٦ إلى ٥٧]
3	3201	[سورة يوسف (١٢): الآيات ٥٨ إلى ٦١]
3	3203	[سورة يوسف (١٢): الآيات ٦٢ إلى ٦٤]
3	3205	[سورة يوسف (١٢): آية ٦٥]
3	3206	[سورة يوسف (١٢): آية ٦٦]
3	3206	[سورة يوسف (١٢): آية ٦٧]
3	3209	[سورة يوسف (١٢): آية ٦٨]
3	3210	[سورة يوسف (١٢): الآيات ٦٩ إلى ٧٢]
3	3212	[سورة يوسف (١٢): الآيات ٧٣ إلى ٧٥]
3	3213	[سورة يوسف (١٢): آية ٧٦]
3	3214	[سورة يوسف (١٢): آية ٧٧]
3	3216	[سورة يوسف (١٢): الآيات ٧٨ إلى ٧٩]
3	3217	[سورة يوسف (١٢): آية ٨٠]
3	3218	[سورة يوسف (١٢): الآيات ٨١ إلى ٨٢]
3	3220	[سورة يوسف (١٢): آية ٨٣]
3	3221	[سورة يوسف (١٢): الآيات ٨٤ إلى ٨٧]
3	3227	[سورة يوسف (١٢): الآيات ٨٨ إلى ٩٠]
3	3230	[سورة يوسف (١٢): الآيات ٩١ إلى ٩٣]
3	3232	[سورة يوسف (١٢): الآيات ٩٤ إلى ٩٨]
3	3234	[سورة يوسف (١٢): الآيات ٩٩ إلى ١٠٠]
3	3239	[سورة يوسف (١٢): آية ١٠١]
3	3243	[سورة يوسف (١٢): آية ١٠٢]
3	3243	[سورة يوسف (١٢): الآيات ١٠٣ إلى ١٠٧]
3	3245	[سورة يوسف (١٢): آية ١٠٨]
3	3245	[سورة يوسف (١٢): آية ١٠٩]
3	3246	[سورة يوسف (١٢): آية ١١٠]
3	3247	[سورة يوسف (١٢): آية ١١١]
2	3249	سورة الرعد
3	3249	[سورة الرعد (١٣): آية ١]
3	3250	[سورة الرعد (١٣): آية ٢]
1	3253	الجزء التاسع عشر
2	3253	تتمة سورة الرعد
3	3253	[سورة الرعد (١٣): آية ٣]
3	3256	[سورة الرعد (١٣): آية ٤]
3	3256	[سورة الرعد (١٣): آية ٥]
3	3258	[سورة الرعد (١٣): آية ٦]
3	3259	[سورة الرعد (١٣): آية ٧]
3	3261	[سورة الرعد (١٣): الآيات ٨ إلى ١٠]
3	3263	[سورة الرعد (١٣): آية ١١]
3	3267	[سورة الرعد (١٣): الآيات ١٢ إلى ١٣]
3	3271	[سورة الرعد (١٣): آية ١٤]
3	3272	[سورة الرعد (١٣): آية ١٥]
3	3273	[سورة الرعد (١٣): آية ١٦]
3	3275	[سورة الرعد (١٣): الآيات ١٧ إلى ١٩]
3	3279	[سورة الرعد (١٣): الآيات ٢٠ إلى ٢٤]
3	3285	[سورة الرعد (١٣): آية ٢٥]
3	3285	[سورة الرعد (١٣): آية ٢٦]
3	3286	[سورة الرعد (١٣): آية ٢٧]
3	3286	[سورة الرعد (١٣): الآيات ٢٨ إلى ٢٩]
3	3288	[سورة الرعد (١٣): آية ٣٠]
3	3289	[سورة الرعد (١٣): آية ٣١]
3	3291	[سورة الرعد (١٣): الآيات ٣٢ إلى ٣٤]
3	3293	[سورة الرعد (١٣): آية ٣٥]
3	3294	[سورة الرعد (١٣): آية ٣٦]
3	3295	[سورة الرعد (١٣): آية ٣٧]
3	3296	[سورة الرعد (١٣): الآيات ٣٨ إلى ٣٩]
3	3299	[سورة الرعد (١٣): آية ٤٠]
3	3299	[سورة الرعد (١٣): الآيات ٤١ إلى ٤٢]
3	3301	[سورة الرعد (١٣): آية ٤٣]
2	3303	سورة إبراهيم
3	3303	[سورة إبراهيم (١٤): آية ١]
3	3305	[سورة إبراهيم (١٤): الآيات ٢ إلى ٣]
3	3308	[سورة إبراهيم (١٤): آية ٤]
3	3311	[سورة إبراهيم (١٤): الآيات ٥ إلى ٦]
3	3313	[سورة إبراهيم (١٤): آية ٧]
3	3314	[سورة إبراهيم (١٤): الآيات ٨ إلى ٩]
3	3317	[سورة إبراهيم (١٤): آية ١٠]
3	3321	[سورة إبراهيم (١٤): الآيات ١١ إلى ١٢]
3	3323	[سورة إبراهيم (١٤): الآيات ١٣ إلى ١٧]
3	3327	[سورة إبراهيم (١٤): الآيات ١٨ إلى ٢٠]
3	3329	[سورة إبراهيم (١٤): آية ٢١]
3	3331	[سورة إبراهيم (١٤): آية ٢٢]
3	3336	[سورة إبراهيم (١٤): آية ٢٣]
3	3336	[سورة إبراهيم (١٤): الآيات ٢٤ إلى ٢٦]
3	3340	[سورة إبراهيم (١٤): آية ٢٧]
3	3341	[سورة إبراهيم (١٤): الآيات ٢٨ إلى ٣٠]
3	3342	[سورة إبراهيم (١٤): آية ٣١]
3	3343	[سورة إبراهيم (١٤): الآيات ٣٢ إلى ٣٤]
3	3347	[سورة إبراهيم (١٤): الآيات ٣٥ إلى ٣٦]
3	3350	[سورة إبراهيم (١٤): الآيات ٣٧ إلى ٤١]
3	3354	[سورة إبراهيم (١٤): الآيات ٤٢ إلى ٤٣]
3	3356	[سورة إبراهيم (١٤): الآيات ٤٤ إلى ٤٥]
3	3357	[سورة إبراهيم (١٤): آية ٤٦]
3	3358	[سورة إبراهيم (١٤): آية ٤٧]
3	3358	[سورة إبراهيم (١٤): الآيات ٤٨ إلى ٥٢]
2	3363	سورة الحجر
3	3363	[سورة الحجر (١٥): الآيات ١ إلى ٣]
3	3366	[سورة الحجر (١٥): الآيات ٤ إلى ٥]
3	3368	[سورة الحجر (١٥): الآيات ٦ إلى ٩]
3	3371	[سورة الحجر (١٥): الآيات ١٠ إلى ١٣]
3	3374	[سورة الحجر (١٥): الآيات ١٤ إلى ١٥]
3	3376	[سورة الحجر (١٥): الآيات ١٦ إلى ١٨]
3	3377	[سورة الحجر (١٥): الآيات ١٩ إلى ٢٠]
3	3380	[سورة الحجر (١٥): الآيات ٢١ إلى ٢٢]
3	3383	[سورة الحجر (١٥): الآيات ٢٣ إلى ٢٥]
3	3384	[سورة الحجر (١٥): الآيات ٢٦ إلى ٢٧]
3	3386	[سورة الحجر (١٥): الآيات ٢٨ إلى ٣٥]
3	3388	[سورة الحجر (١٥): الآيات ٣٦ إلى ٤١]
3	3392	[سورة الحجر (١٥): الآيات ٤٢ إلى ٤٤]
3	3393	[سورة الحجر (١٥): الآيات ٤٥ إلى ٤٨]
3	3396	[سورة الحجر (١٥): الآيات ٤٩ إلى ٥٠]
3	3397	[سورة الحجر (١٥): الآيات ٥١ إلى ٥٦]
3	3399	[سورة الحجر (١٥): الآيات ٥٧ إلى ٦٠]
3	3401	[سورة الحجر (١٥): الآيات ٦١ إلى ٦٤]
3	3401	[سورة الحجر (١٥): الآيات ٦٥ إلى ٦٦]
3	3402	[سورة الحجر (١٥): الآيات ٦٧ إلى ٧٧]
3	3403	[سورة الحجر (١٥): الآيات ٧٨ إلى ٧٩]
3	3404	[سورة الحجر (١٥): الآيات ٨٠ إلى ٨٤]
3	3404	[سورة الحجر (١٥): الآيات ٨٥ إلى ٨٦]
3	3405	[سورة الحجر (١٥): الآيات ٨٧ إلى ٨٨]
3	3409	[سورة الحجر (١٥): الآيات ٨٩ إلى ٩١]
3	3410	[سورة الحجر (١٥): الآيات ٩٢ إلى ٩٦]
3	3412	[سورة الحجر (١٥): الآيات ٩٧ إلى ٩٩]
2	3414	سورة النحل
3	3414	[سورة النحل (١٦): الآيات ١ إلى ٢]
3	3418	[سورة النحل (١٦): آية ٣]
3	3419	[سورة النحل (١٦): آية ٤]
3	3421	[سورة النحل (١٦): الآيات ٥ إلى ٧]
3	3423	[سورة النحل (١٦): آية ٨]
3	3425	[سورة النحل (١٦): آية ٩]
3	3426	[سورة النحل (١٦): الآيات ١٠ إلى ١١]
1	3429	الجزء العشرون
2	3429	تتمة سورة النحل
3	3429	[سورة النحل (١٦): الآيات ١٢ إلى ١٣]
3	3431	[سورة النحل (١٦): آية ١٤]
3	3433	[سورة النحل (١٦): الآيات ١٥ إلى ١٦]
3	3436	[سورة النحل (١٦): الآيات ١٧ إلى ٢١]
3	3440	[سورة النحل (١٦): الآيات ٢٢ إلى ٢٣]
3	3440	[سورة النحل (١٦): الآيات ٢٤ إلى ٢٥]
3	3442	[سورة النحل (١٦): الآيات ٢٦ إلى ٢٨]
3	3444	[سورة النحل (١٦): آية ٢٩]
3	3444	[سورة النحل (١٦): الآيات ٣٠ إلى ٣٢]
3	3447	[سورة النحل (١٦): الآيات ٣٣ إلى ٣٤]
3	3447	[سورة النحل (١٦): الآيات ٣٥ إلى ٣٧]
3	3450	[سورة النحل (١٦): الآيات ٣٨ إلى ٤٠]
3	3453	[سورة النحل (١٦): الآيات ٤١ إلى ٤٢]
3	3454	[سورة النحل (١٦): الآيات ٤٣ إلى ٤٧]
3	3457	[سورة النحل (١٦): الآيات ٤٨ إلى ٥٠]
3	3463	[سورة النحل (١٦): الآيات ٥١ إلى ٥٥]
3	3467	[سورة النحل (١٦): الآيات ٥٦ إلى ٦٠]
3	3470	[سورة النحل (١٦): الآيات ٦١ إلى ٦٤]
3	3475	[سورة النحل (١٦): الآيات ٦٥ إلى ٦٧]
3	3479	[سورة النحل (١٦): الآيات ٦٨ إلى ٦٩]
3	3483	[سورة النحل (١٦): آية ٧٠]
3	3486	[سورة النحل (١٦): آية ٧١]
3	3488	[سورة النحل (١٦): آية ٧٢]
3	3489	[سورة النحل (١٦): الآيات ٧٣ إلى ٧٤]
3	3490	[سورة النحل (١٦): آية ٧٥]
3	3492	[سورة النحل (١٦): آية ٧٦]
3	3493	[سورة النحل (١٦): الآيات ٧٧ إلى ٧٩]
3	3496	[سورة النحل (١٦): آية ٨٠]
3	3497	[سورة النحل (١٦): الآيات ٨١ إلى ٨٣]
3	3499	[سورة النحل (١٦): الآيات ٨٤ إلى ٨٥]
3	3500	[سورة النحل (١٦): الآيات ٨٦ إلى ٨٧]
3	3501	[سورة النحل (١٦): آية ٨٨]
3	3501	[سورة النحل (١٦): آية ٨٩]
3	3502	[سورة النحل (١٦): آية ٩٠]
3	3507	[سورة النحل (١٦): الآيات ٩١ إلى ٩٢]
3	3509	[سورة النحل (١٦): آية ٩٣]
3	3509	[سورة النحل (١٦): الآيات ٩٤ إلى ٩٧]
3	3512	[سورة النحل (١٦): الآيات ٩٨ إلى ١٠٠]
3	3514	[سورة النحل (١٦): الآيات ١٠١ إلى ١٠٢]
3	3515	[سورة النحل (١٦): الآيات ١٠٣ إلى ١٠٥]
3	3517	[سورة النحل (١٦): الآيات ١٠٦ إلى ١٠٩]
3	3521	[سورة النحل (١٦): الآيات ١١٠ إلى ١١١]
3	3522	[سورة النحل (١٦): آية ١١٢]
3	3524	[سورة النحل (١٦): الآيات ١١٣ إلى ١١٤]
3	3525	[سورة النحل (١٦): آية ١١٥]
3	3525	[سورة النحل (١٦): الآيات ١١٦ إلى ١١٧]
3	3526	[سورة النحل (١٦): آية ١١٨]
3	3526	[سورة النحل (١٦): آية ١١٩]
3	3527	[سورة النحل (١٦): الآيات ١٢٠ إلى ١٢٣]
3	3529	[سورة النحل (١٦): آية ١٢٤]
3	3530	[سورة النحل (١٦): آية ١٢٥]
3	3532	[سورة النحل (١٦): الآيات ١٢٦ إلى ١٢٨]
2	3535	سورة الإسراء
3	3535	[سورة الإسراء (١٧): آية ١]
3	3541	[سورة الإسراء (١٧): الآيات ٢ إلى ٣]
3	3543	[سورة الإسراء (١٧): الآيات ٤ إلى ٦]
3	3545	[سورة الإسراء (١٧): الآيات ٧ إلى ٨]
3	3547	[سورة الإسراء (١٧): الآيات ٩ إلى ١٠]
3	3548	[سورة الإسراء (١٧): آية ١١]
3	3549	[سورة الإسراء (١٧): آية ١٢]
3	3552	[سورة الإسراء (١٧): الآيات ١٣ إلى ١٤]
3	3555	[سورة الإسراء (١٧): آية ١٥]
3	3557	[سورة الإسراء (١٧): الآيات ١٦ إلى ١٧]
3	3560	[سورة الإسراء (١٧): الآيات ١٨ إلى ٢١]
3	3563	[سورة الإسراء (١٧): آية ٢٢]
3	3564	[سورة الإسراء (١٧): آية ٢٣]
3	3565	[سورة الإسراء (١٧): الآيات ٢٤ إلى ٢٥]
3	3572	[سورة الإسراء (١٧): الآيات ٢٦ إلى ٢٨]
3	3573	[سورة الإسراء (١٧): الآيات ٢٩ إلى ٣٠]
3	3574	[سورة الإسراء (١٧): آية ٣١]
3	3575	[سورة الإسراء (١٧): آية ٣٢]
3	3577	[سورة الإسراء (١٧): آية ٣٣]
3	3580	[سورة الإسراء (١٧): آية ٣٤]
3	3581	[سورة الإسراء (١٧): آية ٣٥]
3	3582	[سورة الإسراء (١٧): آية ٣٦]
3	3585	[سورة الإسراء (١٧): الآيات ٣٧ إلى ٣٨]
3	3587	[سورة الإسراء (١٧): الآيات ٣٩ إلى ٤٠]
3	3589	[سورة الإسراء (١٧): الآيات ٤١ إلى ٤٤]
3	3592	[سورة الإسراء (١٧): الآيات ٤٥ إلى ٤٨]
3	3595	[سورة الإسراء (١٧): الآيات ٤٩ إلى ٥٢]
3	3598	[سورة الإسراء (١٧): الآيات ٥٣ إلى ٥٥]
3	3600	[سورة الإسراء (١٧): الآيات ٥٦ إلى ٥٧]
3	3602	[سورة الإسراء (١٧): آية ٥٨]
3	3602	[سورة الإسراء (١٧): الآيات ٥٩ إلى ٦٠]
1	3607	الجزء الواحد والعشرون
2	3607	تتمة سورة الإسراء
3	3607	[سورة الإسراء (١٧): الآيات ٦١ إلى ٦٣]
3	3609	[سورة الإسراء (١٧): الآيات ٦٤ إلى ٦٥]
3	3612	[سورة الإسراء (١٧): الآيات ٦٦ إلى ٦٩]
3	3614	[سورة الإسراء (١٧): آية ٧٠]
3	3617	[سورة الإسراء (١٧): الآيات ٧١ إلى ٧٢]
3	3620	[سورة الإسراء (١٧): الآيات ٧٣ إلى ٧٥]
3	3622	[سورة الإسراء (١٧): الآيات ٧٦ إلى ٧٧]
3	3624	[سورة الإسراء (١٧): الآيات ٧٨ إلى ٨١]
3	3631	[سورة الإسراء (١٧): الآيات ٨٢ إلى ٨٤]
3	3633	[سورة الإسراء (١٧): آية ٨٥]
3	3647	[سورة الإسراء (١٧): الآيات ٨٦ إلى ٨٧]
3	3648	[سورة الإسراء (١٧): آية ٨٨]
3	3648	[سورة الإسراء (١٧): آية ٨٩]
3	3649	[سورة الإسراء (١٧): الآيات ٩٠ إلى ٩٣]
3	3652	[سورة الإسراء (١٧): الآيات ٩٤ إلى ٩٦]
3	3652	[سورة الإسراء (١٧): الآيات ٩٧ إلى ٩٨]
3	3654	[سورة الإسراء (١٧): آية ٩٩]
3	3654	[سورة الإسراء (١٧): آية ١٠٠]
3	3655	[سورة الإسراء (١٧): الآيات ١٠١ إلى ١٠٤]
3	3658	[سورة الإسراء (١٧): الآيات ١٠٥ إلى ١٠٩]
3	3660	[سورة الإسراء (١٧): الآيات ١١٠ إلى ١١١]
2	3663	سورة الكهف
3	3663	[سورة الكهف (١٨): الآيات ١ إلى ٣]
3	3666	[سورة الكهف (١٨): الآيات ٤ إلى ٦]
3	3668	[سورة الكهف (١٨): الآيات ٧ إلى ٨]
3	3670	[سورة الكهف (١٨): الآيات ٩ إلى ١٢]
3	3683	[سورة الكهف (١٨): الآيات ١٣ إلى ١٥]
3	3684	[سورة الكهف (١٨): الآيات ١٦ إلى ١٧]
3	3686	[سورة الكهف (١٨): آية ١٨]
3	3687	[سورة الكهف (١٨): الآيات ١٩ إلى ٢٠]
3	3688	[سورة الكهف (١٨): الآيات ٢١ إلى ٢٢]
3	3692	[سورة الكهف (١٨): الآيات ٢٣ إلى ٢٦]
3	3696	[سورة الكهف (١٨): آية ٢٧]
3	3697	[سورة الكهف (١٨): آية ٢٨]
3	3700	[سورة الكهف (١٨): آية ٢٩]
3	3702	[سورة الكهف (١٨): الآيات ٣٠ إلى ٣١]
3	3703	[سورة الكهف (١٨): الآيات ٣٢ إلى ٤٤]
3	3709	[سورة الكهف (١٨): آية ٤٥]
3	3709	[سورة الكهف (١٨): آية ٤٦]
3	3710	[سورة الكهف (١٨): الآيات ٤٧ إلى ٤٩]
3	3713	[سورة الكهف (١٨): الآيات ٥٠ إلى ٥٣]
3	3717	[سورة الكهف (١٨): الآيات ٥٤ إلى ٥٦]
3	3718	[سورة الكهف (١٨): الآيات ٥٧ إلى ٥٩]
3	3719	[سورة الكهف (١٨): الآيات ٦٠ إلى ٦٤]
3	3723	[سورة الكهف (١٨): الآيات ٦٥ إلى ٧٠]
3	3727	[سورة الكهف (١٨): الآيات ٧١ إلى ٧٣]
3	3728	[سورة الكهف (١٨): الآيات ٧٤ إلى ٧٦]
3	3729	[سورة الكهف (١٨): الآيات ٧٧ إلى ٧٨]
3	3731	[سورة الكهف (١٨): الآيات ٧٩ إلى ٨٢]
3	3735	[سورة الكهف (١٨): الآيات ٨٣ إلى ٨٥]
3	3737	[سورة الكهف (١٨): الآيات ٨٦ إلى ٨٨]
3	3739	[سورة الكهف (١٨): الآيات ٨٩ إلى ٩١]
3	3740	[سورة الكهف (١٨): الآيات ٩٢ إلى ٩٥]
3	3741	[سورة الكهف (١٨): الآيات ٩٦ إلى ٩٨]
3	3742	[سورة الكهف (١٨): الآيات ٩٩ إلى ١٠١]
3	3743	[سورة الكهف (١٨): الآيات ١٠٢ إلى ١٠٦]
3	3744	[سورة الكهف (١٨): الآيات ١٠٧ إلى ١٠٨]
3	3745	[سورة الكهف (١٨): الآيات ١٠٩ إلى ١١٠]
2	3747	سورة مريم ﵍
3	3747	[سورة مريم (١٩): آية ١]
3	3748	[سورة مريم (١٩): آية ٢]
3	3749	[سورة مريم (١٩): آية ٣]
3	3749	[سورة مريم (١٩): الآيات ٤ إلى ٦]
3	3753	[سورة مريم (١٩): آية ٧]
3	3755	[سورة مريم (١٩): آية ٨]
3	3756	[سورة مريم (١٩): آية ٩]
3	3757	[سورة مريم (١٩): آية ١٠]
3	3757	[سورة مريم (١٩): آية ١١]
3	3758	[سورة مريم (١٩): الآيات ١٢ إلى ١٥]
3	3762	[سورة مريم (١٩): الآيات ١٦ إلى ١٧]
3	3763	[سورة مريم (١٩): آية ١٨]
3	3764	[سورة مريم (١٩): آية ١٩]
3	3765	[سورة مريم (١٩): الآيات ٢٠ إلى ٢١]
3	3766	[سورة مريم (١٩): الآيات ٢٢ إلى ٢٣]
3	3769	[سورة مريم (١٩): الآيات ٢٤ إلى ٢٦]
3	3771	[سورة مريم (١٩): الآيات ٢٧ إلى ٢٩]
3	3772	[سورة مريم (١٩): الآيات ٣٠ إلى ٣٣]
3	3779	[سورة مريم (١٩): الآيات ٣٤ إلى ٣٥]
3	3781	[سورة مريم (١٩): الآيات ٣٦ إلى ٤٠]
3	3783	[سورة مريم (١٩): الآيات ٤١ إلى ٤٥]
3	3787	[سورة مريم (١٩): الآيات ٤٦ إلى ٤٨]
3	3789	[سورة مريم (١٩): الآيات ٤٩ إلى ٥٠]
3	3790	[سورة مريم (١٩): الآيات ٥١ إلى ٥٣]
3	3791	[سورة مريم (١٩): الآيات ٥٤ إلى ٥٥]
3	3792	[سورة مريم (١٩): الآيات ٥٦ إلى ٥٧]
3	3792	[سورة مريم (١٩): آية ٥٨]
3	3793	[سورة مريم (١٩): الآيات ٥٩ إلى ٦٠]
3	3794	[سورة مريم (١٩): الآيات ٦١ إلى ٦٣]
3	3796	[سورة مريم (١٩): الآيات ٦٤ إلى ٦٥]
3	3798	[سورة مريم (١٩): الآيات ٦٦ إلى ٧٠]
3	3799	[سورة مريم (١٩): الآيات ٧١ إلى ٧٢]
3	3802	[سورة مريم (١٩): آية ٧٣]
3	3802	[سورة مريم (١٩): آية ٧٤]
3	3803	[سورة مريم (١٩): الآيات ٧٥ إلى ٧٦]
3	3804	[سورة مريم (١٩): الآيات ٧٧ إلى ٨٠]
3	3805	[سورة مريم (١٩): الآيات ٨١ إلى ٨٧]
3	3808	[سورة مريم (١٩): الآيات ٨٨ إلى ٩٥]
3	3809	[سورة مريم (١٩): الآيات ٩٦ إلى ٩٨]
1	3811	الجزء الثاني والعشرون
2	3811	سورة طه
3	3811	[سورة طه (٢٠): الآيات ١ إلى ٨]
3	3821	[سورة طه (٢٠): الآيات ٩ إلى ١٢]
3	3825	[سورة طه (٢٠): الآيات ١٣ إلى ١٤]
3	3827	[سورة طه (٢٠): الآيات ١٥ إلى ١٦]
3	3830	[سورة طه (٢٠): الآيات ١٧ إلى ٢١]
3	3834	[سورة طه (٢٠): الآيات ٢٢ إلى ٢٤]
3	3835	[سورة طه (٢٠): الآيات ٢٥ إلى ٣٥]
3	3852	[سورة طه (٢٠): الآيات ٣٦ إلى ٤٤]
3	3859	[سورة طه (٢٠): الآيات ٤٥ إلى ٤٨]
3	3862	[سورة طه (٢٠): الآيات ٤٩ إلى ٥٥]
3	3868	[سورة طه (٢٠): الآيات ٥٦ إلى ٥٨]
3	3869	[سورة طه (٢٠): الآيات ٥٩ إلى ٦٢]
3	3871	[سورة طه (٢٠): الآيات ٦٣ إلى ٦٤]
3	3877	[سورة طه (٢٠): الآيات ٦٥ إلى ٦٩]
3	3881	[سورة طه (٢٠): الآيات ٧٠ إلى ٧١]
3	3883	[سورة طه (٢٠): الآيات ٧٢ إلى ٧٦]
3	3886	[سورة طه (٢٠): الآيات ٧٧ إلى ٧٩]
3	3888	[سورة طه (٢٠): الآيات ٨٠ إلى ٨٢]
3	3891	[سورة طه (٢٠): الآيات ٨٣ إلى ٨٤]
3	3892	[سورة طه (٢٠): الآيات ٨٥ إلى ٨٩]
3	3896	[سورة طه (٢٠): الآيات ٩٠ إلى ٩١]
3	3898	[سورة طه (٢٠): الآيات ٩٢ إلى ٩٤]
3	3900	[سورة طه (٢٠): الآيات ٩٥ إلى ٩٨]
3	3903	[سورة طه (٢٠): الآيات ٩٩ إلى ١٠٤]
3	3905	[سورة طه (٢٠): الآيات ١٠٥ إلى ١١٢]
3	3909	[سورة طه (٢٠): الآيات ١١٣ إلى ١١٤]
3	3911	[سورة طه (٢٠): الآيات ١١٥ إلى ١١٩]
3	3913	[سورة طه (٢٠): الآيات ١٢٠ إلى ١٢٢]
3	3916	[سورة طه (٢٠): الآيات ١٢٣ إلى ١٢٧]
3	3918	[سورة طه (٢٠): الآيات ١٢٨ إلى ١٣٠]
3	3920	[سورة طه (٢٠): الآيات ١٣١ إلى ١٣٥]
2	3924	سورة الأنبياء ﵈
3	3924	[سورة الأنبياء (٢١): الآيات ١ إلى ٣]
3	3927	[سورة الأنبياء (٢١): الآيات ٤ إلى ٦]
3	3928	[سورة الأنبياء (٢١): الآيات ٧ إلى ١٠]
3	3929	[سورة الأنبياء (٢١): الآيات ١١ إلى ١٥]
3	3930	[سورة الأنبياء (٢١): الآيات ١٦ إلى ١٨]
3	3931	[سورة الأنبياء (٢١): الآيات ١٩ إلى ٢٠]
3	3932	[سورة الأنبياء (٢١): الآيات ٢١ إلى ٢٥]
3	3940	[سورة الأنبياء (٢١): الآيات ٢٦ إلى ٢٩]
3	3942	[سورة الأنبياء (٢١): الآيات ٣٠ إلى ٣٣]
3	3948	[سورة الأنبياء (٢١): الآيات ٣٤ إلى ٣٦]
3	3950	[سورة الأنبياء (٢١): الآيات ٣٧ إلى ٤١]
3	3952	[سورة الأنبياء (٢١): الآيات ٤٢ إلى ٤٤]
3	3953	[سورة الأنبياء (٢١): الآيات ٤٥ إلى ٤٧]
3	3956	[سورة الأنبياء (٢١): الآيات ٤٨ إلى ٥٠]
4	3956	القصة الأولى، قصة موسى ﵇
3	3957	[سورة الأنبياء (٢١): الآيات ٥١ إلى ٥٥]
4	3957	القصة الثانية، [قصة] إبراهيم ﵇
3	3958	[سورة الأنبياء (٢١): الآيات ٥٦ إلى ٦٠]
3	3961	[سورة الأنبياء (٢١): الآيات ٦١ إلى ٦٧]
3	3963	[سورة الأنبياء (٢١): الآيات ٦٨ إلى ٧١]
3	3966	[سورة الأنبياء (٢١): الآيات ٧٢ إلى ٧٣]
3	3967	[سورة الأنبياء (٢١): الآيات ٧٤ إلى ٧٥]
4	3967	القصة الثالثة، قصة لوط ﵇
3	3968	[سورة الأنبياء (٢١): الآيات ٧٦ إلى ٧٧]
4	3968	القصة الرابعة، قصة نوح ﵇
3	3969	[سورة الأنبياء (٢١): الآيات ٧٨ إلى ٨٢]
4	3969	القصة الخامسة، قصة داود وسليمان ﵉
3	3977	[سورة الأنبياء (٢١): الآيات ٨٣ إلى ٨٤]
4	3977	القصة السادسة، قصة أيوب ﵇
3	3982	[سورة الأنبياء (٢١): الآيات ٨٥ إلى ٨٦]
4	3982	القصة السابعة
3	3984	[سورة الأنبياء (٢١): الآيات ٨٧ إلى ٨٨]
4	3984	القصة الثامنة، قصة يونس ﵇
3	3988	[سورة الأنبياء (٢١): الآيات ٨٩ إلى ٩٠]
4	3988	القصة التاسعة، قصة زكريا ﵇
3	3989	[سورة الأنبياء (٢١): آية ٩١]
4	3989	القصة العاشرة، قصة مريم ﵍
3	3989	[سورة الأنبياء (٢١): الآيات ٩٢ إلى ٩٣]
3	3990	[سورة الأنبياء (٢١): الآيات ٩٤ إلى ٩٧]
3	3992	[سورة الأنبياء (٢١): الآيات ٩٨ إلى ١٠٠]
3	3995	[سورة الأنبياء (٢١): الآيات ١٠١ إلى ١٠٣]
3	3996	[سورة الأنبياء (٢١): الآيات ١٠٤ إلى ١٠٧]
3	4000	[سورة الأنبياء (٢١): الآيات ١٠٨ إلى ١١٢]
1	4003	الجزء الثالث والعشرون
2	4003	سورة الحج
3	4003	[سورة الحج (٢٢): الآيات ١ إلى ٢]
3	4005	[سورة الحج (٢٢): الآيات ٣ إلى ٤]
3	4007	[سورة الحج (٢٢): الآيات ٥ إلى ٧]
3	4010	[سورة الحج (٢٢): الآيات ٨ إلى ١٠]
3	4011	[سورة الحج (٢٢): الآيات ١١ إلى ١٣]
3	4014	[سورة الحج (٢٢): الآيات ١٤ إلى ١٦]
3	4016	[سورة الحج (٢٢): الآيات ١٧ إلى ١٨]
3	4018	[سورة الحج (٢٢): الآيات ١٩ إلى ٢٤]
3	4020	[سورة الحج (٢٢): آية ٢٥]
3	4022	[سورة الحج (٢٢): الآيات ٢٦ إلى ٢٩]
3	4026	[سورة الحج (٢٢): الآيات ٣٠ إلى ٣٢]
3	4028	[سورة الحج (٢٢): الآيات ٣٣ إلى ٣٥]
3	4029	[سورة الحج (٢٢): الآيات ٣٦ إلى ٣٧]
3	4031	[سورة الحج (٢٢): الآيات ٣٨ إلى ٤١]
3	4035	[سورة الحج (٢٢): الآيات ٤٢ إلى ٤٦]
3	4038	[سورة الحج (٢٢): الآيات ٤٧ إلى ٤٩]
3	4038	[سورة الحج (٢٢): الآيات ٥٠ إلى ٥١]
3	4039	[سورة الحج (٢٢): الآيات ٥٢ إلى ٥٧]
3	4046	[سورة الحج (٢٢): الآيات ٥٨ إلى ٦٢]
3	4050	[سورة الحج (٢٢): الآيات ٦٣ إلى ٦٦]
3	4052	[سورة الحج (٢٢): الآيات ٦٧ إلى ٦٩]
3	4053	[سورة الحج (٢٢): الآيات ٧٠ إلى ٧٢]
3	4055	[سورة الحج (٢٢): الآيات ٧٣ إلى ٧٤]
3	4057	[سورة الحج (٢٢): الآيات ٧٥ إلى ٧٦]
3	4057	[سورة الحج (٢٢): الآيات ٧٧ إلى ٧٨]
2	4062	سورة المؤمنون
3	4062	[سورة المؤمنون (٢٣): الآيات ١ إلى ١١]
3	4068	[سورة المؤمنون (٢٣): الآيات ١٢ إلى ١٧]
3	4072	[سورة المؤمنون (٢٣): الآيات ١٨ إلى ٢٠]
3	4073	[سورة المؤمنون (٢٣): الآيات ٢١ إلى ٢٢]
3	4074	[سورة المؤمنون (٢٣): الآيات ٢٣ إلى ٢٥]
4	4074	القصة الأولى قصة نوح ﵇
3	4076	[سورة المؤمنون (٢٣): الآيات ٢٦ إلى ٣٠]
3	4078	[سورة المؤمنون (٢٣): الآيات ٣١ إلى ٤١]
4	4078	القصة الثانية - قصة هود أو صالح ﵉
3	4081	[سورة المؤمنون (٢٣): الآيات ٤٢ إلى ٤٤]
4	4081	القصة الثالثة
3	4082	[سورة المؤمنون (٢٣): الآيات ٤٥ إلى ٤٩]
4	4082	القصة الرابعة - قصة موسى ﵇
3	4083	[سورة المؤمنون (٢٣): آية ٥٠]
4	4083	القصة الخامسة - قصة عيسى وقصة مريم ﵉
3	4084	[سورة المؤمنون (٢٣): الآيات ٥١ إلى ٥٦]
3	4086	[سورة المؤمنون (٢٣): الآيات ٥٧ إلى ٦١]
3	4088	[سورة المؤمنون (٢٣): الآيات ٦٢ إلى ٦٥]
3	4089	[سورة المؤمنون (٢٣): الآيات ٦٦ إلى ٧٢]
3	4091	[سورة المؤمنون (٢٣): الآيات ٧٣ إلى ٧٥]
3	4092	[سورة المؤمنون (٢٣): الآيات ٧٦ إلى ٨٠]
3	4093	[سورة المؤمنون (٢٣): الآيات ٨١ إلى ٨٣]
3	4093	[سورة المؤمنون (٢٣): الآيات ٨٤ إلى ٩٠]
3	4094	[سورة المؤمنون (٢٣): الآيات ٩١ إلى ٩٦]
3	4096	[سورة المؤمنون (٢٣): الآيات ٩٧ إلى ١٠٠]
3	4098	[سورة المؤمنون (٢٣): الآيات ١٠١ إلى ١٠٥]
3	4100	[سورة المؤمنون (٢٣): الآيات ١٠٦ إلى ١١١]
3	4102	[سورة المؤمنون (٢٣): الآيات ١١٢ إلى ١١٦]
3	4104	[سورة المؤمنون (٢٣): الآيات ١١٧ إلى ١١٨]
2	4105	سورة النور
3	4105	[سورة النور (٢٤): آية ١]
3	4106	[سورة النور (٢٤): آية ٢]
4	4106	الحكم الأول
3	4122	[سورة النور (٢٤): آية ٣]
4	4122	الحكم الثاني
3	4124	[سورة النور (٢٤): الآيات ٤ إلى ٥]
4	4124	الحكم الثالث القذف
3	4134	[سورة النور (٢٤): الآيات ٦ إلى ١٠]
4	4134	الحكم الرابع حكم اللعان
3	4141	[سورة النور (٢٤): آية ١١]
4	4141	الحكم الخامس قصة الإفك
3	4144	[سورة النور (٢٤): آية ١٢]
3	4146	[سورة النور (٢٤): آية ١٣]
3	4146	[سورة النور (٢٤): آية ١٤]
3	4146	[سورة النور (٢٤): آية ١٥]
3	4147	[سورة النور (٢٤): آية ١٦]
3	4148	[سورة النور (٢٤): الآيات ١٧ إلى ١٨]
3	4149	[سورة النور (٢٤): آية ١٩]
3	4151	[سورة النور (٢٤): آية ٢٠]
3	4151	[سورة النور (٢٤): آية ٢١]
3	4152	[سورة النور (٢٤): آية ٢٢]
3	4157	[سورة النور (٢٤): الآيات ٢٣ إلى ٢٥]
3	4159	[سورة النور (٢٤): آية ٢٦]
3	4160	[سورة النور (٢٤): الآيات ٢٧ إلى ٢٩]
4	4160	الحكم السادس في الاستئذان
3	4164	[سورة النور (٢٤): الآيات ٣٠ إلى ٣١]
4	4164	الحكم السابع حكم النظر
3	4172	[سورة النور (٢٤): آية ٣٢]
4	4172	الحكم الثامن ما يتعلق بالنكاح
3	4175	[سورة النور (٢٤): آية ٣٣]
4	4176	الحكم التاسع في الكتابة
4	4180	الحكم العاشر الإكراه على الزنا
3	4181	[سورة النور (٢٤): آية ٣٤]
3	4182	[سورة النور (٢٤): آية ٣٥]
4	4182	الفصل الأول في إطلاق اسم النور على الله تعالى
4	4189	القسم الثاني: الحجب النورانية المحضة
4	4190	الفصل الثالث في شرح كيفية التمثيل
4	4193	الفصل الرابع - في بقية المباحث المتعلقة بهذه الآية
1	4196	الجزء الرابع والعشرون
2	4196	تتمة سورة النور
3	4196	[سورة النور (٢٤): الآيات ٣٦ إلى ٣٨]
3	4200	[سورة النور (٢٤): الآيات ٣٩ إلى ٤٠]
3	4202	[سورة النور (٢٤): الآيات ٤١ إلى ٤٢]
3	4204	[سورة النور (٢٤): الآيات ٤٣ إلى ٤٤]
3	4207	[سورة النور (٢٤): الآيات ٤٥ إلى ٤٦]
3	4210	[سورة النور (٢٤): الآيات ٤٧ إلى ٥٠]
3	4212	[سورة النور (٢٤): الآيات ٥١ إلى ٥٤]
3	4213	[سورة النور (٢٤): آية ٥٥]
3	4215	[سورة النور (٢٤): الآيات ٥٦ إلى ٥٧]
3	4216	[سورة النور (٢٤): الآيات ٥٨ إلى ٦٠]
3	4221	[سورة النور (٢٤): آية ٦١]
3	4224	[سورة النور (٢٤): الآيات ٦٢ إلى ٦٤]
2	4229	سورة الفرقان
3	4229	[سورة الفرقان (٢٥): الآيات ١ إلى ٢]
3	4232	[سورة الفرقان (٢٥): آية ٣]
3	4233	[سورة الفرقان (٢٥): الآيات ٤ إلى ٩]
3	4236	[سورة الفرقان (٢٥): الآيات ١٠ إلى ١٤]
3	4240	[سورة الفرقان (٢٥): الآيات ١٥ إلى ١٦]
3	4242	[سورة الفرقان (٢٥): الآيات ١٧ إلى ٢٠]
3	4248	[سورة الفرقان (٢٥): الآيات ٢١ إلى ٢٤]
3	4253	[سورة الفرقان (٢٥): الآيات ٢٥ إلى ٢٩]
3	4256	[سورة الفرقان (٢٥): الآيات ٣٠ إلى ٣١]
3	4257	[سورة الفرقان (٢٥): الآيات ٣٢ إلى ٣٤]
3	4259	[سورة الفرقان (٢٥): الآيات ٣٥ إلى ٣٦]
4	4259	القصة الأولى - قصة موسى ﵇
3	4260	[سورة الفرقان (٢٥): آية ٣٧]
4	4260	القصة الثانية - قصة نوح ﵇
3	4260	[سورة الفرقان (٢٥): الآيات ٣٨ إلى ٣٩]
4	4260	القصة الثالثة - قصة عاد وثمود وأصحاب الرس
3	4262	[سورة الفرقان (٢٥): آية ٤٠]
4	4262	القصة الرابعة - قصة لوط ﵇
3	4262	[سورة الفرقان (٢٥): الآيات ٤١ إلى ٤٤]
3	4265	[سورة الفرقان (٢٥): الآيات ٤٥ إلى ٤٩]
3	4274	[سورة الفرقان (٢٥): الآيات ٥٠ إلى ٥٢]
3	4275	[سورة الفرقان (٢٥): آية ٥٣]
3	4276	[سورة الفرقان (٢٥): آية ٥٤]
3	4276	[سورة الفرقان (٢٥): الآيات ٥٥ إلى ٥٨]
3	4278	[سورة الفرقان (٢٥): الآيات ٥٩ إلى ٦٠]
3	4280	[سورة الفرقان (٢٥): الآيات ٦١ إلى ٦٢]
3	4281	[سورة الفرقان (٢٥): الآيات ٦٣ إلى ٦٧]
3	4284	[سورة الفرقان (٢٥): الآيات ٦٨ إلى ٧١]
3	4286	[سورة الفرقان (٢٥): آية ٧٢]
3	4287	[سورة الفرقان (٢٥): آية ٧٣]
3	4287	[سورة الفرقان (٢٥): آية ٧٤]
3	4288	[سورة الفرقان (٢٥): آية ٧٥]
3	4289	[سورة الفرقان (٢٥): آية ٧٦]
3	4289	[سورة الفرقان (٢٥): آية ٧٧]
2	4291	سورة الشعراء
3	4291	[سورة الشعراء (٢٦): الآيات ١ إلى ٤]
3	4292	[سورة الشعراء (٢٦): الآيات ٥ إلى ٩]
3	4293	[سورة الشعراء (٢٦): الآيات ١٠ إلى ١١]
4	4293	القصة الأولى قصة موسى ﵇
3	4294	[سورة الشعراء (٢٦): الآيات ١٢ إلى ١٤]
3	4296	[سورة الشعراء (٢٦): الآيات ١٥ إلى ١٧]
3	4296	[سورة الشعراء (٢٦): الآيات ١٨ إلى ١٩]
3	4297	[سورة الشعراء (٢٦): الآيات ٢٠ إلى ٢٢]
3	4298	[سورة الشعراء (٢٦): الآيات ٢٣ إلى ٣١]
3	4302	[سورة الشعراء (٢٦): الآيات ٣٢ إلى ٣٧]
3	4303	[سورة الشعراء (٢٦): الآيات ٣٨ إلى ٤٢]
3	4303	[سورة الشعراء (٢٦): الآيات ٤٣ إلى ٤٨]
3	4305	[سورة الشعراء (٢٦): الآيات ٤٩ إلى ٥١]
3	4306	[سورة الشعراء (٢٦): الآيات ٥٢ إلى ٦٢]
3	4308	[سورة الشعراء (٢٦): الآيات ٦٣ إلى ٦٨]
3	4310	[سورة الشعراء (٢٦): الآيات ٦٩ إلى ٧٧]
4	4310	القصة الثانية - قصة إبراهيم ﵇
3	4312	[سورة الشعراء (٢٦): الآيات ٧٨ إلى ٨٢]
3	4315	[سورة الشعراء (٢٦): الآيات ٨٣ إلى ٨٩]
3	4318	[سورة الشعراء (٢٦): الآيات ٩٠ إلى ١٠٤]
3	4320	[سورة الشعراء (٢٦): الآيات ١٠٥ إلى ١٢٢]
4	4320	القصة الثالثة - قصة نوح ﵇
3	4323	[سورة الشعراء (٢٦): الآيات ١٢٣ إلى ١٤٠]
4	4323	القصة الرابعة - قصة هود ﵇
3	4325	[سورة الشعراء (٢٦): الآيات ١٤١ إلى ١٥٩]
4	4325	القصة الخامسة - قصة صالح ﵇
3	4326	[سورة الشعراء (٢٦): الآيات ١٦٠ إلى ١٧٥]
4	4326	القصة السادسة - قصة لوط ﵇
3	4328	[سورة الشعراء (٢٦): الآيات ١٧٦ إلى ١٩١]
4	4328	القصة السابعة - قصة شعيب ﵇
3	4330	[سورة الشعراء (٢٦): الآيات ١٩٢ إلى ١٩٦]
4	4330	القول فيما ذكره الله تعالى من أحوال محمد ﵊
3	4334	[سورة الشعراء (٢٦): الآيات ١٩٧ إلى ٢٠١]
3	4335	[سورة الشعراء (٢٦): الآيات ٢٠٢ إلى ٢٠٩]
3	4336	[سورة الشعراء (٢٦): الآيات ٢١٠ إلى ٢١٣]
3	4336	[سورة الشعراء (٢٦): الآيات ٢١٤ إلى ٢٢٠]
3	4338	[سورة الشعراء (٢٦): الآيات ٢٢١ إلى ٢٢٣]
3	4339	[سورة الشعراء (٢٦): الآيات ٢٢٤ إلى ٢٢٧]
2	4341	سورة النمل
3	4341	[سورة النمل (٢٧): الآيات ١ إلى ٣]
3	4342	[سورة النمل (٢٧): الآيات ٤ إلى ٥]
3	4343	[سورة النمل (٢٧): الآيات ٦ إلى ٩]
4	4344	القصة الأولى - قصة موسى ﵊
3	4346	[سورة النمل (٢٧): الآيات ١٠ إلى ١٤]
3	4347	[سورة النمل (٢٧): الآيات ١٥ إلى ١٩]
4	4347	القصة الثانية - قصة داود وسليمان عليهما الصلاة والسلام
3	4351	[سورة النمل (٢٧): الآيات ٢٠ إلى ٢٤]
3	4353	[سورة النمل (٢٧): الآيات ٢٥ إلى ٢٨]
3	4355	[سورة النمل (٢٧): الآيات ٢٩ إلى ٣٣]
3	4356	[سورة النمل (٢٧): الآيات ٣٤ إلى ٣٧]
3	4357	[سورة النمل (٢٧): الآيات ٣٨ إلى ٤٠]
3	4358	[سورة النمل (٢٧): الآيات ٤١ إلى ٤٣]
3	4359	[سورة النمل (٢٧): آية ٤٤]
3	4360	[سورة النمل (٢٧): الآيات ٤٥ إلى ٥٣]
4	4360	القصة الثالثة - قصة صالح ﵇
3	4362	[سورة النمل (٢٧): الآيات ٥٤ إلى ٥٨]
4	4362	القصة الرابعة - قصة لوط ﵇
3	4363	[سورة النمل (٢٧): آية ٥٩]
4	4363	القول في خطاب الله ﷿ مع محمد ﷺ
3	4363	[سورة النمل (٢٧): آية ٦٠]
3	4364	[سورة النمل (٢٧): آية ٦١]
3	4366	[سورة النمل (٢٧): آية ٦٢]
3	4367	[سورة النمل (٢٧): آية ٦٣]
3	4368	[سورة النمل (٢٧): آية ٦٤]
3	4368	[سورة النمل (٢٧): الآيات ٦٥ إلى ٦٦]
3	4369	[سورة النمل (٢٧): الآيات ٦٧ إلى ٧٥]
3	4371	[سورة النمل (٢٧): الآيات ٧٦ إلى ٨١]
3	4372	[سورة النمل (٢٧): الآيات ٨٢ إلى ٨٦]
3	4374	[سورة النمل (٢٧): آية ٨٧]
3	4375	[سورة النمل (٢٧): آية ٨٨]
3	4375	[سورة النمل (٢٧): الآيات ٨٩ إلى ٩٠]
3	4376	[سورة النمل (٢٧): الآيات ٩١ إلى ٩٣]
2	4378	سورة القصص
3	4378	[سورة القصص (٢٨): الآيات ١ إلى ٦]
3	4380	[سورة القصص (٢٨): الآيات ٧ إلى ٩]
3	4382	[سورة القصص (٢٨): الآيات ١٠ إلى ١١]
3	4383	[سورة القصص (٢٨): الآيات ١٢ إلى ١٣]
3	4384	[سورة القصص (٢٨): الآيات ١٤ إلى ١٧]
3	4387	[سورة القصص (٢٨): الآيات ١٨ إلى ٢١]
3	4388	[سورة القصص (٢٨): الآيات ٢٢ إلى ٢٨]
3	4393	[سورة القصص (٢٨): الآيات ٢٩ إلى ٣٢]
3	4397	[سورة القصص (٢٨): الآيات ٣٣ إلى ٣٧]
3	4399	[سورة القصص (٢٨): الآيات ٣٨ إلى ٤٣]
3	4403	[سورة القصص (٢٨): الآيات ٤٤ إلى ٤٧]
3	4406	[سورة القصص (٢٨): الآيات ٤٨ إلى ٥٥]
1	4410	الجزء الخامس والعشرون
2	4410	تتمة سورة القصص
3	4410	[سورة القصص (٢٨): الآيات ٥٦ إلى ٥٧]
3	4412	[سورة القصص (٢٨): الآيات ٥٨ إلى ٥٩]
3	4413	[سورة القصص (٢٨): الآيات ٦٠ إلى ٦١]
3	4413	[سورة القصص (٢٨): الآيات ٦٢ إلى ٦٦]
3	4415	[سورة القصص (٢٨): الآيات ٦٧ إلى ٧٠]
3	4417	[سورة القصص (٢٨): الآيات ٧١ إلى ٧٣]
3	4418	[سورة القصص (٢٨): الآيات ٧٤ إلى ٧٥]
3	4418	[سورة القصص (٢٨): الآيات ٧٦ إلى ٧٨]
3	4421	[سورة القصص (٢٨): الآيات ٧٩ إلى ٨١]
3	4423	[سورة القصص (٢٨): الآيات ٨٢ إلى ٨٣]
3	4423	[سورة القصص (٢٨): الآيات ٨٤ إلى ٨٨]
2	4428	سورة العنكبوت
3	4428	[سورة العنكبوت (٢٩): الآيات ١ إلى ٢]
3	4431	[سورة العنكبوت (٢٩): آية ٣]
3	4432	[سورة العنكبوت (٢٩): الآيات ٤ إلى ٥]
3	4433	[سورة العنكبوت (٢٩): آية ٦]
3	4434	[سورة العنكبوت (٢٩): آية ٧]
3	4436	[سورة العنكبوت (٢٩): آية ٨]
3	4437	[سورة العنكبوت (٢٩): آية ٩]
3	4438	[سورة العنكبوت (٢٩): الآيات ١٠ إلى ١١]
3	4440	[سورة العنكبوت (٢٩): آية ١٢]
3	4441	[سورة العنكبوت (٢٩): آية ١٣]
3	4441	[سورة العنكبوت (٢٩): آية ١٤]
3	4442	[سورة العنكبوت (٢٩): آية ١٥]
3	4442	[سورة العنكبوت (٢٩): آية ١٦]
3	4443	[سورة العنكبوت (٢٩): آية ١٧]
3	4444	[سورة العنكبوت (٢٩): آية ١٨]
3	4444	[سورة العنكبوت (٢٩): آية ١٩]
3	4445	[سورة العنكبوت (٢٩): آية ٢٠]
3	4447	[سورة العنكبوت (٢٩): الآيات ٢١ إلى ٢٢]
3	4448	[سورة العنكبوت (٢٩): آية ٢٣]
3	4449	[سورة العنكبوت (٢٩): آية ٢٤]
3	4451	[سورة العنكبوت (٢٩): آية ٢٥]
3	4452	[سورة العنكبوت (٢٩): آية ٢٦]
3	4452	[سورة العنكبوت (٢٩): آية ٢٧]
3	4454	[سورة العنكبوت (٢٩): الآيات ٢٨ إلى ٣٠]
3	4455	[سورة العنكبوت (٢٩): الآيات ٣١ إلى ٣٢]
3	4457	[سورة العنكبوت (٢٩): الآيات ٣٣ إلى ٣٥]
3	4459	[سورة العنكبوت (٢٩): الآيات ٣٦ إلى ٣٧]
3	4461	[سورة العنكبوت (٢٩): الآيات ٣٨ إلى ٣٩]
3	4461	[سورة العنكبوت (٢٩): آية ٤٠]
3	4462	[سورة العنكبوت (٢٩): آية ٤١]
3	4463	[سورة العنكبوت (٢٩): آية ٤٢]
3	4463	[سورة العنكبوت (٢٩): آية ٤٣]
3	4464	[سورة العنكبوت (٢٩): آية ٤٤]
3	4464	[سورة العنكبوت (٢٩): آية ٤٥]
3	4467	[سورة العنكبوت (٢٩): الآيات ٤٦ إلى ٤٧]
3	4469	[سورة العنكبوت (٢٩): الآيات ٤٨ إلى ٤٩]
3	4469	[سورة العنكبوت (٢٩): آية ٥٠]
3	4470	[سورة العنكبوت (٢٩): الآيات ٥١ إلى ٥٢]
3	4472	[سورة العنكبوت (٢٩): آية ٥٣]
3	4473	[سورة العنكبوت (٢٩): آية ٥٤]
3	4473	[سورة العنكبوت (٢٩): آية ٥٥]
3	4473	[سورة العنكبوت (٢٩): آية ٥٦]
3	4475	[سورة العنكبوت (٢٩): آية ٥٧]
3	4475	[سورة العنكبوت (٢٩): آية ٥٨]
3	4476	[سورة العنكبوت (٢٩): آية ٥٩]
3	4476	[سورة العنكبوت (٢٩): آية ٦٠]
3	4478	[سورة العنكبوت (٢٩): آية ٦١]
3	4479	[سورة العنكبوت (٢٩): آية ٦٢]
3	4479	[سورة العنكبوت (٢٩): آية ٦٣]
3	4480	[سورة العنكبوت (٢٩): آية ٦٤]
3	4481	[سورة العنكبوت (٢٩): آية ٦٥]
3	4481	[سورة العنكبوت (٢٩): آية ٦٦]
3	4481	[سورة العنكبوت (٢٩): آية ٦٧]
3	4482	[سورة العنكبوت (٢٩): آية ٦٨]
3	4482	[سورة العنكبوت (٢٩): آية ٦٩]
2	4484	سورة الروم
3	4484	[سورة الروم (٣٠): الآيات ١ إلى ٤]
3	4485	[سورة الروم (٣٠): الآيات ٥ إلى ٧]
3	4486	[سورة الروم (٣٠): آية ٨]
3	4488	[سورة الروم (٣٠): آية ٩]
3	4488	[سورة الروم (٣٠): آية ١٠]
3	4489	[سورة الروم (٣٠): آية ١١]
3	4489	[سورة الروم (٣٠): الآيات ١٢ إلى ١٣]
3	4490	[سورة الروم (٣٠): آية ١٤]
3	4490	[سورة الروم (٣٠): آية ١٥]
3	4490	[سورة الروم (٣٠): آية ١٦]
3	4490	[سورة الروم (٣٠): الآيات ١٧ إلى ١٩]
3	4494	[سورة الروم (٣٠): آية ٢٠]
3	4496	[سورة الروم (٣٠): آية ٢١]
3	4497	[سورة الروم (٣٠): آية ٢٢]
3	4498	[سورة الروم (٣٠): آية ٢٣]
3	4498	[سورة الروم (٣٠): آية ٢٤]
3	4499	[سورة الروم (٣٠): آية ٢٥]
3	4501	[سورة الروم (٣٠): الآيات ٢٦ إلى ٢٧]
3	4502	[سورة الروم (٣٠): آية ٢٨]
3	4503	[سورة الروم (٣٠): آية ٢٩]
3	4503	[سورة الروم (٣٠): آية ٣٠]
3	4504	[سورة الروم (٣٠): الآيات ٣١ إلى ٣٢]
3	4504	[سورة الروم (٣٠): آية ٣٣]
3	4505	[سورة الروم (٣٠): الآيات ٣٤ إلى ٣٥]
3	4506	[سورة الروم (٣٠): الآيات ٣٦ إلى ٣٧]
3	4507	[سورة الروم (٣٠): آية ٣٨]
3	4509	[سورة الروم (٣٠): آية ٣٩]
3	4509	[سورة الروم (٣٠): آية ٤٠]
3	4509	[سورة الروم (٣٠): آية ٤١]
3	4510	[سورة الروم (٣٠): آية ٤٢]
3	4510	[سورة الروم (٣٠): الآيات ٤٣ إلى ٤٤]
3	4511	[سورة الروم (٣٠): آية ٤٥]
3	4512	[سورة الروم (٣٠): آية ٤٦]
3	4513	[سورة الروم (٣٠): آية ٤٧]
3	4513	[سورة الروم (٣٠): الآيات ٤٨ إلى ٥٠]
3	4514	[سورة الروم (٣٠): الآيات ٥١ إلى ٥٣]
3	4516	[سورة الروم (٣٠): آية ٥٤]
3	4516	[سورة الروم (٣٠): آية ٥٥]
3	4517	[سورة الروم (٣٠): آية ٥٦]
3	4517	[سورة الروم (٣٠): آية ٥٧]
3	4517	[سورة الروم (٣٠): الآيات ٥٨ إلى ٦٠]
2	4519	سورة لقمان ﵇
3	4519	[سورة لقمان (٣١): الآيات ١ إلى ٢]
3	4519	[سورة لقمان (٣١): الآيات ٣ إلى ٥]
3	4520	[سورة لقمان (٣١): آية ٦]
3	4521	[سورة لقمان (٣١): آية ٧]
3	4521	[سورة لقمان (٣١): الآيات ٨ إلى ٩]
3	4521	[سورة لقمان (٣١): آية ١٠]
3	4523	[سورة لقمان (٣١): آية ١١]
3	4523	[سورة لقمان (٣١): آية ١٢]
3	4524	[سورة لقمان (٣١): آية ١٣]
3	4525	[سورة لقمان (٣١): آية ١٤]
3	4525	[سورة لقمان (٣١): آية ١٥]
3	4525	[سورة لقمان (٣١): آية ١٦]
3	4526	[سورة لقمان (٣١): آية ١٧]
3	4527	[سورة لقمان (٣١): آية ١٨]
3	4527	[سورة لقمان (٣١): آية ١٩]
3	4528	[سورة لقمان (٣١): آية ٢٠]
3	4529	[سورة لقمان (٣١): الآيات ٢١ إلى ٢٢]
3	4531	[سورة لقمان (٣١): الآيات ٢٣ إلى ٢٤]
3	4531	[سورة لقمان (٣١): آية ٢٥]
3	4532	[سورة لقمان (٣١): آية ٢٦]
3	4532	[سورة لقمان (٣١): الآيات ٢٧ إلى ٢٨]
3	4534	[سورة لقمان (٣١): آية ٢٩]
3	4535	[سورة لقمان (٣١): آية ٣٠]
3	4536	[سورة لقمان (٣١): آية ٣١]
3	4536	[سورة لقمان (٣١): آية ٣٢]
3	4537	[سورة لقمان (٣١): آية ٣٣]
3	4538	[سورة لقمان (٣١): آية ٣٤]
2	4540	سورة السجدة
3	4540	[سورة السجده (٣٢): الآيات ١ إلى ٢]
3	4540	[سورة السجده (٣٢): آية ٣]
3	4541	[سورة السجده (٣٢): آية ٤]
3	4544	[سورة السجده (٣٢): الآيات ٥ إلى ٧]
3	4546	[سورة السجده (٣٢): الآيات ٨ إلى ٩]
3	4547	[سورة السجده (٣٢): آية ١٠]
3	4548	[سورة السجده (٣٢): آية ١١]
3	4548	[سورة السجده (٣٢): آية ١٢]
3	4549	[سورة السجده (٣٢): آية ١٣]
3	4550	[سورة السجده (٣٢): آية ١٤]
3	4551	[سورة السجده (٣٢): آية ١٥]
3	4551	[سورة السجده (٣٢): آية ١٦]
3	4551	[سورة السجده (٣٢): آية ١٧]
3	4552	[سورة السجده (٣٢): الآيات ١٨ إلى ٢٠]
3	4553	[سورة السجده (٣٢): آية ٢١]
3	4554	[سورة السجده (٣٢): الآيات ٢٢ إلى ٢٤]
3	4555	[سورة السجده (٣٢): الآيات ٢٥ إلى ٢٦]
3	4556	[سورة السجده (٣٢): الآيات ٢٧ إلى ٢٨]
3	4556	[سورة السجده (٣٢): الآيات ٢٩ إلى ٣٠]
2	4558	سورة الأحزاب
3	4558	[سورة الأحزاب (٣٣): آية ١]
3	4559	[سورة الأحزاب (٣٣): الآيات ٢ إلى ٤]
3	4561	[سورة الأحزاب (٣٣): آية ٥]
3	4562	[سورة الأحزاب (٣٣): آية ٦]
3	4564	[سورة الأحزاب (٣٣): آية ٧]
3	4564	[سورة الأحزاب (٣٣): آية ٨]
3	4564	[سورة الأحزاب (٣٣): الآيات ٩ إلى ١٠]
3	4566	[سورة الأحزاب (٣٣): آية ١١]
3	4566	[سورة الأحزاب (٣٣): الآيات ١٢ إلى ١٣]
3	4566	[سورة الأحزاب (٣٣): آية ١٤]
3	4566	[سورة الأحزاب (٣٣): الآيات ١٥ إلى ١٦]
3	4567	[سورة الأحزاب (٣٣): آية ١٧]
3	4567	[سورة الأحزاب (٣٣): الآيات ١٨ إلى ١٩]
3	4568	[سورة الأحزاب (٣٣): الآيات ٢٠ إلى ٢١]
3	4568	[سورة الأحزاب (٣٣): آية ٢٢]
3	4568	[سورة الأحزاب (٣٣): الآيات ٢٣ إلى ٢٥]
3	4569	[سورة الأحزاب (٣٣): آية ٢٦]
3	4569	[سورة الأحزاب (٣٣): آية ٢٧]
3	4570	[سورة الأحزاب (٣٣): الآيات ٢٨ إلى ٢٩]
3	4571	[سورة الأحزاب (٣٣): آية ٣٠]
3	4571	[سورة الأحزاب (٣٣): آية ٣١]
3	4572	[سورة الأحزاب (٣٣): آية ٣٢]
3	4572	[سورة الأحزاب (٣٣): آية ٣٣]
3	4573	[سورة الأحزاب (٣٣): آية ٣٤]
3	4573	[سورة الأحزاب (٣٣): آية ٣٥]
3	4574	[سورة الأحزاب (٣٣): آية ٣٦]
3	4574	[سورة الأحزاب (٣٣): آية ٣٧]
3	4575	[سورة الأحزاب (٣٣): آية ٣٨]
3	4576	[سورة الأحزاب (٣٣): آية ٣٩]
3	4576	[سورة الأحزاب (٣٣): آية ٤٠]
3	4576	[سورة الأحزاب (٣٣): آية ٤١]
3	4577	[سورة الأحزاب (٣٣): آية ٤٢]
3	4577	[سورة الأحزاب (٣٣): آية ٤٣]
3	4577	[سورة الأحزاب (٣٣): آية ٤٤]
3	4578	[سورة الأحزاب (٣٣): الآيات ٤٥ إلى ٤٦]
3	4579	[سورة الأحزاب (٣٣): آية ٤٧]
3	4579	[سورة الأحزاب (٣٣): آية ٤٨]
3	4580	[سورة الأحزاب (٣٣): آية ٤٩]
3	4581	[سورة الأحزاب (٣٣): آية ٥٠]
3	4581	[سورة الأحزاب (٣٣): آية ٥١]
3	4582	[سورة الأحزاب (٣٣): آية ٥٢]
3	4583	[سورة الأحزاب (٣٣): آية ٥٣]
3	4585	[سورة الأحزاب (٣٣): الآيات ٥٤ إلى ٥٥]
3	4586	[سورة الأحزاب (٣٣): آية ٥٦]
3	4587	[سورة الأحزاب (٣٣): آية ٥٧]
3	4588	[سورة الأحزاب (٣٣): آية ٥٨]
3	4588	[سورة الأحزاب (٣٣): آية ٥٩]
3	4589	[سورة الأحزاب (٣٣): آية ٦٠]
3	4589	[سورة الأحزاب (٣٣): آية ٦١]
3	4589	[سورة الأحزاب (٣٣): آية ٦٢]
3	4589	[سورة الأحزاب (٣٣): آية ٦٣]
3	4590	[سورة الأحزاب (٣٣): الآيات ٦٤ إلى ٦٥]
3	4590	[سورة الأحزاب (٣٣): الآيات ٦٦ إلى ٦٨]
3	4591	[سورة الأحزاب (٣٣): آية ٦٩]
3	4591	[سورة الأحزاب (٣٣): الآيات ٧٠ إلى ٧١]
3	4592	[سورة الأحزاب (٣٣): آية ٧٢]
3	4594	[سورة الأحزاب (٣٣): آية ٧٣]
2	4595	سورة سبا
3	4595	[سورة سبإ (٣٤): آية ١]
3	4596	[سورة سبإ (٣٤): آية ٢]
3	4597	[سورة سبإ (٣٤): الآيات ٣ إلى ٤]
3	4598	[سورة سبإ (٣٤): آية ٥]
3	4599	[سورة سبإ (٣٤): آية ٦]
3	4599	[سورة سبإ (٣٤): آية ٧]
3	4599	[سورة سبإ (٣٤): آية ٨]
3	4600	[سورة سبإ (٣٤): آية ٩]
3	4600	[سورة سبإ (٣٤): آية ١٠]
3	4601	[سورة سبإ (٣٤): آية ١١]
3	4602	[سورة سبإ (٣٤): آية ١٢]
3	4603	[سورة سبإ (٣٤): آية ١٣]
3	4604	[سورة سبإ (٣٤): آية ١٤]
3	4605	[سورة سبإ (٣٤): آية ١٥]
3	4605	[سورة سبإ (٣٤): الآيات ١٦ إلى ١٧]
3	4606	[سورة سبإ (٣٤): الآيات ١٨ إلى ١٩]
3	4607	[سورة سبإ (٣٤): آية ٢٠]
3	4607	[سورة سبإ (٣٤): آية ٢١]
3	4608	[سورة سبإ (٣٤): الآيات ٢٢ إلى ٢٣]
3	4610	[سورة سبإ (٣٤): آية ٢٤]
3	4610	[سورة سبإ (٣٤): آية ٢٥]
3	4611	[سورة سبإ (٣٤): آية ٢٦]
3	4611	[سورة سبإ (٣٤): آية ٢٧]
3	4611	[سورة سبإ (٣٤): آية ٢٨]
3	4611	[سورة سبإ (٣٤): الآيات ٢٩ إلى ٣٠]
3	4612	[سورة سبإ (٣٤): آية ٣١]
3	4613	[سورة سبإ (٣٤): آية ٣٢]
3	4613	[سورة سبإ (٣٤): آية ٣٣]
3	4614	[سورة سبإ (٣٤): الآيات ٣٤ إلى ٣٥]
3	4614	[سورة سبإ (٣٤): آية ٣٦]
3	4614	[سورة سبإ (٣٤): آية ٣٧]
3	4615	[سورة سبإ (٣٤): آية ٣٨]
3	4615	[سورة سبإ (٣٤): آية ٣٩]
3	4616	[سورة سبإ (٣٤): الآيات ٤٠ إلى ٤١]
3	4617	[سورة سبإ (٣٤): آية ٤٢]
3	4618	[سورة سبإ (٣٤): آية ٤٣]
3	4618	[سورة سبإ (٣٤): الآيات ٤٤ إلى ٤٥]
3	4619	[سورة سبإ (٣٤): آية ٤٦]
3	4620	[سورة سبإ (٣٤): آية ٤٧]
3	4620	[سورة سبإ (٣٤): آية ٤٨]
3	4621	[سورة سبإ (٣٤): آية ٤٩]
3	4622	[سورة سبإ (٣٤): آية ٥٠]
3	4622	[سورة سبإ (٣٤): آية ٥١]
3	4622	[سورة سبإ (٣٤): آية ٥٢]
3	4622	[سورة سبإ (٣٤): آية ٥٣]
3	4623	[سورة سبإ (٣٤): آية ٥٤]
1	4624	الجزء السادس والعشرون
2	4624	سورة فاطر
3	4624	[سورة فاطر (٣٥): آية ١]
3	4625	[سورة فاطر (٣٥): آية ٢]
3	4625	[سورة فاطر (٣٥): آية ٣]
3	4626	[سورة فاطر (٣٥): آية ٤]
3	4626	[سورة فاطر (٣٥): آية ٥]
3	4626	[سورة فاطر (٣٥): آية ٦]
3	4627	[سورة فاطر (٣٥): آية ٧]
3	4627	[سورة فاطر (٣٥): آية ٨]
3	4627	[سورة فاطر (٣٥): آية ٩]
3	4628	[سورة فاطر (٣٥): آية ١٠]
3	4630	[سورة فاطر (٣٥): آية ١١]
3	4630	[سورة فاطر (٣٥): آية ١٢]
3	4631	[سورة فاطر (٣٥): آية ١٣]
3	4632	[سورة فاطر (٣٥): آية ١٤]
3	4632	[سورة فاطر (٣٥): آية ١٥]
3	4633	[سورة فاطر (٣٥): آية ١٦]
3	4633	[سورة فاطر (٣٥): آية ١٧]
3	4633	[سورة فاطر (٣٥): آية ١٨]
3	4634	[سورة فاطر (٣٥): الآيات ١٩ إلى ٢٢]
3	4636	[سورة فاطر (٣٥): آية ٢٣]
3	4637	[سورة فاطر (٣٥): آية ٢٤]
3	4637	[سورة فاطر (٣٥): آية ٢٥]
3	4637	[سورة فاطر (٣٥): آية ٢٦]
3	4637	[سورة فاطر (٣٥): الآيات ٢٧ إلى ٢٨]
3	4639	[سورة فاطر (٣٥): آية ٢٩]
3	4640	[سورة فاطر (٣٥): آية ٣٠]
3	4640	[سورة فاطر (٣٥): آية ٣١]
3	4641	[سورة فاطر (٣٥): آية ٣٢]
3	4643	[سورة فاطر (٣٥): آية ٣٣]
3	4644	[سورة فاطر (٣٥): آية ٣٤]
3	4644	[سورة فاطر (٣٥): آية ٣٥]
3	4645	[سورة فاطر (٣٥): آية ٣٦]
3	4645	[سورة فاطر (٣٥): آية ٣٧]
3	4646	[سورة فاطر (٣٥): آية ٣٨]
3	4647	[سورة فاطر (٣٥): آية ٣٩]
3	4647	[سورة فاطر (٣٥): آية ٤٠]
3	4648	[سورة فاطر (٣٥): آية ٤١]
3	4649	[سورة فاطر (٣٥): الآيات ٤٢ إلى ٤٣]
3	4651	[سورة فاطر (٣٥): آية ٤٤]
3	4651	[سورة فاطر (٣٥): آية ٤٥]
2	4653	سورة يس
3	4653	[سورة يس (٣٦): الآيات ١ إلى ٢]
3	4654	[سورة يس (٣٦): آية ٣]
3	4655	[سورة يس (٣٦): آية ٤]
3	4655	[سورة يس (٣٦): آية ٥]
3	4656	[سورة يس (٣٦): آية ٦]
3	4656	[سورة يس (٣٦): آية ٧]
3	4657	[سورة يس (٣٦): آية ٨]
3	4658	[سورة يس (٣٦): آية ٩]
3	4659	[سورة يس (٣٦): آية ١٠]
3	4659	[سورة يس (٣٦): آية ١١]
3	4660	[سورة يس (٣٦): آية ١٢]
3	4662	[سورة يس (٣٦): آية ١٣]
3	4663	[سورة يس (٣٦): آية ١٤]
3	4663	[سورة يس (٣٦): آية ١٥]
3	4664	[سورة يس (٣٦): آية ١٦]
3	4664	[سورة يس (٣٦): آية ١٧]
3	4664	[سورة يس (٣٦): آية ١٨]
3	4665	[سورة يس (٣٦): آية ١٩]
3	4665	[سورة يس (٣٦): آية ٢٠]
3	4666	[سورة يس (٣٦): آية ٢١]
3	4666	[سورة يس (٣٦): آية ٢٢]
3	4668	[سورة يس (٣٦): آية ٢٣]
3	4670	[سورة يس (٣٦): آية ٢٤]
3	4670	[سورة يس (٣٦): آية ٢٥]
3	4670	[سورة يس (٣٦): آية ٢٦]
3	4671	[سورة يس (٣٦): آية ٢٧]
3	4671	[سورة يس (٣٦): آية ٢٨]
3	4672	[سورة يس (٣٦): آية ٢٩]
3	4672	[سورة يس (٣٦): آية ٣٠]
3	4673	[سورة يس (٣٦): آية ٣١]
3	4674	[سورة يس (٣٦): آية ٣٢]
3	4674	[سورة يس (٣٦): الآيات ٣٣ إلى ٣٥]
3	4677	[سورة يس (٣٦): آية ٣٦]
3	4678	[سورة يس (٣٦): آية ٣٧]
3	4679	[سورة يس (٣٦): آية ٣٨]
3	4680	[سورة يس (٣٦): آية ٣٩]
3	4681	[سورة يس (٣٦): آية ٤٠]
3	4685	[سورة يس (٣٦): آية ٤١]
3	4688	[سورة يس (٣٦): آية ٤٢]
3	4688	[سورة يس (٣٦): آية ٤٣]
3	4689	[سورة يس (٣٦): آية ٤٤]
3	4689	[سورة يس (٣٦): آية ٤٥]
3	4690	[سورة يس (٣٦): آية ٤٦]
3	4690	[سورة يس (٣٦): آية ٤٧]
3	4692	[سورة يس (٣٦): آية ٤٨]
3	4692	[سورة يس (٣٦): الآيات ٤٩ إلى ٥٠]
3	4693	[سورة يس (٣٦): آية ٥١]
3	4694	[سورة يس (٣٦): آية ٥٢]
3	4695	[سورة يس (٣٦): آية ٥٣]
3	4696	[سورة يس (٣٦): آية ٥٤]
3	4697	[سورة يس (٣٦): الآيات ٥٥ إلى ٥٧]
3	4699	[سورة يس (٣٦): آية ٥٨]
3	4700	[سورة يس (٣٦): آية ٥٩]
3	4700	[سورة يس (٣٦): آية ٦٠]
3	4703	[سورة يس (٣٦): آية ٦١]
3	4704	[سورة يس (٣٦): آية ٦٢]
3	4704	[سورة يس (٣٦): آية ٦٣]
3	4705	[سورة يس (٣٦): آية ٦٤]
3	4705	[سورة يس (٣٦): آية ٦٥]
3	4706	[سورة يس (٣٦): الآيات ٦٦ إلى ٦٧]
3	4707	[سورة يس (٣٦): آية ٦٨]
3	4707	[سورة يس (٣٦): آية ٦٩]
3	4708	[سورة يس (٣٦): آية ٧٠]
3	4709	[سورة يس (٣٦): الآيات ٧١ إلى ٧٢]
3	4709	[سورة يس (٣٦): آية ٧٣]
3	4709	[سورة يس (٣٦): آية ٧٤]
3	4709	[سورة يس (٣٦): آية ٧٥]
3	4710	[سورة يس (٣٦): الآيات ٧٦ إلى ٧٩]
3	4712	[سورة يس (٣٦): آية ٨٠]
3	4712	[سورة يس (٣٦): آية ٨١]
3	4712	[سورة يس (٣٦): آية ٨٢]
3	4714	[سورة يس (٣٦): آية ٨٣]
2	4716	سورة الصافات
3	4716	[سورة الصافات (٣٧): الآيات ١ إلى ٥]
3	4720	[سورة الصافات (٣٧): الآيات ٦ إلى ١٠]
3	4724	[سورة الصافات (٣٧): آية ١١]
3	4726	[سورة الصافات (٣٧): آية ١٢]
3	4727	[سورة الصافات (٣٧): الآيات ١٣ إلى ١٨]
3	4728	[سورة الصافات (٣٧): الآيات ١٩ إلى ٢١]
3	4730	[سورة الصافات (٣٧): الآيات ٢٢ إلى ٢٦]
3	4732	[سورة الصافات (٣٧): آية ٢٧]
3	4732	[سورة الصافات (٣٧): الآيات ٢٨ إلى ٤٠]
3	4734	[سورة الصافات (٣٧): الآيات ٤١ إلى ٥٠]
3	4736	[سورة الصافات (٣٧): الآيات ٥١ إلى ٦١]
3	4738	[سورة الصافات (٣٧): الآيات ٦٢ إلى ٧٤]
3	4741	[سورة الصافات (٣٧): الآيات ٧٥ إلى ٨٢]
4	4741	القصة الأولى - قصة نوح ﵇
3	4743	[سورة الصافات (٣٧): الآيات ٨٣ إلى ٩٤]
4	4743	القصة الثانية - قصة إبراهيم ﵇
3	4746	[سورة الصافات (٣٧): الآيات ٩٥ إلى ١٠١]
3	4748	[سورة الصافات (٣٧): الآيات ١٠٢ إلى ١١٣]
3	4754	[سورة الصافات (٣٧): الآيات ١١٤ إلى ١٢٢]
4	4754	قصة موسى وهارون ﵉
3	4756	[سورة الصافات (٣٧): الآيات ١٢٣ إلى ١٣٢]
4	4756	قصة إلياس ﵇
3	4758	[سورة الصافات (٣٧): الآيات ١٣٣ إلى ١٣٨]
4	4758	قصة لوط ﵇
3	4758	[سورة الصافات (٣٧): الآيات ١٣٩ إلى ١٤٨]
4	4758	قصة يونس ﵇
3	4761	[سورة الصافات (٣٧): الآيات ١٤٩ إلى ١٦٠]
3	4763	[سورة الصافات (٣٧): الآيات ١٦١ إلى ١٧٠]
3	4766	[سورة الصافات (٣٧): الآيات ١٧١ إلى ١٨٢]
2	4768	سورة ص
3	4768	[سورة ص (٣٨): الآيات ١ إلى ٣]
3	4770	[سورة ص (٣٨): الآيات ٤ إلى ٧]
3	4772	[سورة ص (٣٨): الآيات ٨ إلى ١١]
3	4773	[سورة ص (٣٨): الآيات ١٢ إلى ٢٠]
4	4776	فالقصة الأولى: قصة داود،
3	4780	[سورة ص (٣٨): الآيات ٢١ إلى ٢٥]
3	4789	[سورة ص (٣٨): الآيات ٢٦ إلى ٢٩]
3	4792	[سورة ص (٣٨): الآيات ٣٠ إلى ٣٣]
4	4792	القصة الثانية
3	4795	[سورة ص (٣٨): الآيات ٣٤ إلى ٤٠]
3	4799	[سورة ص (٣٨): الآيات ٤١ إلى ٤٤]
4	4799	القصة الثالثة
3	4802	[سورة ص (٣٨): الآيات ٤٥ إلى ٤٨]
3	4804	[سورة ص (٣٨): الآيات ٤٩ إلى ٥٤]
3	4806	[سورة ص (٣٨): الآيات ٥٥ إلى ٦٤]
3	4809	[سورة ص (٣٨): الآيات ٦٥ إلى ٧٠]
3	4811	[سورة ص (٣٨): الآيات ٧١ إلى ٨٥]
3	4819	[سورة ص (٣٨): الآيات ٨٦ إلى ٨٨]
2	4821	سورة الزمر
3	4821	[سورة الزمر (٣٩): الآيات ١ إلى ٤]
3	4825	[سورة الزمر (٣٩): الآيات ٥ إلى ٧]
3	4830	[سورة الزمر (٣٩): الآيات ٨ إلى ٩]
3	4832	[سورة الزمر (٣٩): الآيات ١٠ إلى ١٦]
3	4837	[سورة الزمر (٣٩): الآيات ١٧ إلى ٢٠]
3	4842	[سورة الزمر (٣٩): آية ٢١]
3	4843	[سورة الزمر (٣٩): الآيات ٢٢ إلى ٢٨]
3	4853	[سورة الزمر (٣٩): الآيات ٢٩ إلى ٣٢]
3	4854	[سورة الزمر (٣٩): الآيات ٣٣ إلى ٣٧]
3	4857	[سورة الزمر (٣٩): الآيات ٣٨ إلى ٤٠]
3	4858	[سورة الزمر (٣٩): الآيات ٤١ إلى ٤٤]
3	4860	[سورة الزمر (٣٩): الآيات ٤٥ إلى ٤٨]
3	4861	[سورة الزمر (٣٩): الآيات ٤٩ إلى ٥٢]
1	4864	الجزء السابع والعشرون
2	4864	تتمة سورة الزمر
3	4864	[سورة الزمر (٣٩): الآيات ٥٣ إلى ٥٩]
3	4869	[سورة الزمر (٣٩): الآيات ٦٠ إلى ٦١]
3	4871	[سورة الزمر (٣٩): الآيات ٦٢ إلى ٦٦]
3	4873	[سورة الزمر (٣٩): الآيات ٦٧ إلى ٧٠]
3	4879	[سورة الزمر (٣٩): الآيات ٧١ إلى ٧٢]
3	4880	[سورة الزمر (٣٩): الآيات ٧٣ إلى ٧٥]
2	4883	سورة المؤمن
3	4883	[سورة غافر (٤٠): الآيات ١ إلى ٦]
3	4888	[سورة غافر (٤٠): الآيات ٧ إلى ٩]
3	4894	[سورة غافر (٤٠): الآيات ١٠ إلى ١٢]
3	4897	[سورة غافر (٤٠): الآيات ١٣ إلى ١٤]
3	4898	[سورة غافر (٤٠): الآيات ١٥ إلى ١٧]
3	4903	[سورة غافر (٤٠): الآيات ١٨ إلى ٢٢]
3	4907	[سورة غافر (٤٠): الآيات ٢٣ إلى ٢٧]
3	4909	[سورة غافر (٤٠): آية ٢٨]
3	4911	[سورة غافر (٤٠): الآيات ٢٩ إلى ٣٣]
3	4913	[سورة غافر (٤٠): الآيات ٣٤ إلى ٣٥]
3	4915	[سورة غافر (٤٠): الآيات ٣٦ إلى ٣٧]
3	4918	[سورة غافر (٤٠): الآيات ٣٨ إلى ٤٤]
3	4922	[سورة غافر (٤٠): الآيات ٤٥ إلى ٥٠]
3	4924	[سورة غافر (٤٠): الآيات ٥١ إلى ٥٥]
3	4926	[سورة غافر (٤٠): الآيات ٥٦ إلى ٥٩]
3	4928	[سورة غافر (٤٠): الآيات ٦٠ إلى ٦٣]
3	4930	[سورة غافر (٤٠): الآيات ٦٤ إلى ٦٧]
3	4932	[سورة غافر (٤٠): آية ٦٨]
3	4933	[سورة غافر (٤٠): الآيات ٦٩ إلى ٧٦]
3	4934	[سورة غافر (٤٠): الآيات ٧٧ إلى ٧٨]
3	4934	[سورة غافر (٤٠): الآيات ٧٩ إلى ٨١]
3	4935	[سورة غافر (٤٠): الآيات ٨٢ إلى ٨٥]
2	4938	سورة فصلت السجدة
3	4938	[سورة فصلت (٤١): الآيات ١ إلى ٨]
3	4944	[سورة فصلت (٤١): الآيات ٩ إلى ١٢]
3	4951	[سورة فصلت (٤١): الآيات ١٣ إلى ١٨]
3	4955	[سورة فصلت (٤١): الآيات ١٩ إلى ٢٤]
3	4958	[سورة فصلت (٤١): الآيات ٢٥ إلى ٢٩]
3	4960	[سورة فصلت (٤١): الآيات ٣٠ إلى ٣٢]
3	4963	[سورة فصلت (٤١): الآيات ٣٣ إلى ٣٦]
3	4966	[سورة فصلت (٤١): الآيات ٣٧ إلى ٣٩]
3	4968	[سورة فصلت (٤١): الآيات ٤٠ إلى ٤٢]
3	4969	[سورة فصلت (٤١): الآيات ٤٣ إلى ٤٦]
3	4971	[سورة فصلت (٤١): الآيات ٤٧ إلى ٥٤]
2	4976	سورة الشورى
3	4976	[سورة الشورى (٤٢): الآيات ١ إلى ٦]
3	4980	[سورة الشورى (٤٢): الآيات ٧ إلى ١٢]
3	4987	[سورة الشورى (٤٢): الآيات ١٣ إلى ١٩]
3	4991	[سورة الشورى (٤٢): الآيات ٢٠ إلى ٢٦]
3	4999	[سورة الشورى (٤٢): الآيات ٢٧ إلى ٣١]
3	5002	[سورة الشورى (٤٢): الآيات ٣٢ إلى ٣٩]
3	5005	[سورة الشورى (٤٢): الآيات ٤٠ إلى ٤٦]
3	5009	[سورة الشورى (٤٢): الآيات ٤٧ إلى ٥٠]
3	5012	[سورة الشورى (٤٢): الآيات ٥١ إلى ٥٣]
2	5017	سورة الزخرف
3	5017	[سورة الزخرف (٤٣): الآيات ١ إلى ٨]
3	5020	[سورة الزخرف (٤٣): الآيات ٩ إلى ١٤]
3	5023	[سورة الزخرف (٤٣): الآيات ١٥ إلى ١٩]
3	5026	[سورة الزخرف (٤٣): الآيات ٢٠ إلى ٢٥]
3	5029	[سورة الزخرف (٤٣): الآيات ٢٦ إلى ٣٠]
3	5030	[سورة الزخرف (٤٣): الآيات ٣١ إلى ٣٢]
3	5031	[سورة الزخرف (٤٣): الآيات ٣٣ إلى ٣٩]
3	5035	[سورة الزخرف (٤٣): الآيات ٤٠ إلى ٤٥]
3	5036	[سورة الزخرف (٤٣): الآيات ٤٦ إلى ٥٦]
3	5039	[سورة الزخرف (٤٣): الآيات ٥٧ إلى ٦٢]
3	5041	[سورة الزخرف (٤٣): الآيات ٦٣ إلى ٦٦]
3	5042	[سورة الزخرف (٤٣): الآيات ٦٧ إلى ٧٣]
3	5044	[سورة الزخرف (٤٣): الآيات ٧٤ إلى ٨٠]
3	5046	[سورة الزخرف (٤٣): الآيات ٨١ إلى ٨٩]
2	5052	سورة الدخان
3	5052	[سورة الدخان (٤٤): الآيات ١ إلى ٩]
3	5057	[سورة الدخان (٤٤): الآيات ١٠ إلى ١٦]
3	5059	[سورة الدخان (٤٤): الآيات ١٧ إلى ٢٩]
3	5061	[سورة الدخان (٤٤): الآيات ٣٠ إلى ٣٩]
3	5064	[سورة الدخان (٤٤): الآيات ٤٠ إلى ٥٠]
3	5065	[سورة الدخان (٤٤): الآيات ٥١ إلى ٥٩]
2	5069	سورة الجاثية
3	5069	[سورة الجاثية (٤٥): الآيات ١ إلى ٦]
3	5072	[سورة الجاثية (٤٥): الآيات ٧ إلى ١١]
3	5074	[سورة الجاثية (٤٥): الآيات ١٢ إلى ١٥]
3	5075	[سورة الجاثية (٤٥): الآيات ١٦ إلى ٢١]
3	5078	[سورة الجاثية (٤٥): الآيات ٢٢ إلى ٢٦]
3	5081	[سورة الجاثية (٤٥): الآيات ٢٧ إلى ٣١]
3	5082	[سورة الجاثية (٤٥): الآيات ٣٢ إلى ٣٧]
1	5085	الجزء الثامن والعشرون
2	5085	سورة الأحقاف
3	5085	[سورة الأحقاف (٤٦): الآيات ١ إلى ٤]
3	5087	[سورة الأحقاف (٤٦): الآيات ٥ إلى ٨]
3	5088	[سورة الأحقاف (٤٦): الآيات ٩ إلى ١٢]
3	5093	[سورة الأحقاف (٤٦): الآيات ١٣ إلى ١٦]
3	5101	[سورة الأحقاف (٤٦): الآيات ١٧ إلى ٢٠]
3	5103	[سورة الأحقاف (٤٦): الآيات ٢١ إلى ٢٦]
3	5106	[سورة الأحقاف (٤٦): الآيات ٢٧ إلى ٢٨]
3	5107	[سورة الأحقاف (٤٦): الآيات ٢٩ إلى ٣٢]
3	5109	[سورة الأحقاف (٤٦): الآيات ٣٣ إلى ٣٤]
3	5110	[سورة الأحقاف (٤٦): آية ٣٥]
2	5112	سورة محمد ﷺ
3	5112	[سورة محمد (٤٧): آية ١]
3	5114	[سورة محمد (٤٧): آية ٢]
3	5116	[سورة محمد (٤٧): آية ٣]
3	5117	[سورة محمد (٤٧): آية ٤]
3	5121	[سورة محمد (٤٧): آية ٥]
3	5121	[سورة محمد (٤٧): آية ٦]
3	5122	[سورة محمد (٤٧): آية ٧]
3	5122	[سورة محمد (٤٧): آية ٨]
3	5123	[سورة محمد (٤٧): آية ٩]
3	5123	[سورة محمد (٤٧): آية ١٠]
3	5123	[سورة محمد (٤٧): آية ١١]
3	5124	[سورة محمد (٤٧): آية ١٢]
3	5125	[سورة محمد (٤٧): آية ١٣]
3	5125	[سورة محمد (٤٧): آية ١٤]
3	5126	[سورة محمد (٤٧): آية ١٥]
3	5129	[سورة محمد (٤٧): آية ١٦]
3	5130	[سورة محمد (٤٧): آية ١٧]
3	5131	[سورة محمد (٤٧): آية ١٨]
3	5132	[سورة محمد (٤٧): آية ١٩]
3	5133	[سورة محمد (٤٧): آية ٢٠]
3	5133	[سورة محمد (٤٧): آية ٢١]
3	5134	[سورة محمد (٤٧): آية ٢٢]
3	5135	[سورة محمد (٤٧): آية ٢٣]
3	5135	[سورة محمد (٤٧): آية ٢٤]
3	5136	[سورة محمد (٤٧): آية ٢٥]
3	5136	[سورة محمد (٤٧): آية ٢٦]
3	5137	[سورة محمد (٤٧): آية ٢٧]
3	5137	[سورة محمد (٤٧): آية ٢٨]
3	5138	[سورة محمد (٤٧): آية ٢٩]
3	5139	[سورة محمد (٤٧): آية ٣٠]
3	5140	[سورة محمد (٤٧): آية ٣١]
3	5140	[سورة محمد (٤٧): آية ٣٢]
3	5140	[سورة محمد (٤٧): آية ٣٣]
3	5141	[سورة محمد (٤٧): آية ٣٤]
3	5141	[سورة محمد (٤٧): آية ٣٥]
3	5142	[سورة محمد (٤٧): آية ٣٦]
3	5142	[سورة محمد (٤٧): آية ٣٧]
3	5143	[سورة محمد (٤٧): آية ٣٨]
2	5145	سورة الفتح
3	5145	[سورة الفتح (٤٨): الآيات ١ إلى ٣]
3	5147	[سورة الفتح (٤٨): آية ٤]
3	5149	[سورة الفتح (٤٨): آية ٥]
3	5150	[سورة الفتح (٤٨): الآيات ٦ إلى ٧]
3	5152	[سورة الفتح (٤٨): الآيات ٨ إلى ٩]
3	5153	[سورة الفتح (٤٨): آية ١٠]
3	5153	[سورة الفتح (٤٨): آية ١١]
3	5154	[سورة الفتح (٤٨): آية ١٢]
3	5155	[سورة الفتح (٤٨): آية ١٣]
3	5155	[سورة الفتح (٤٨): آية ١٤]
3	5155	[سورة الفتح (٤٨): آية ١٥]
3	5156	[سورة الفتح (٤٨): آية ١٦]
3	5158	[سورة الفتح (٤٨): آية ١٧]
3	5159	[سورة الفتح (٤٨): الآيات ١٨ إلى ١٩]
3	5160	[سورة الفتح (٤٨): آية ٢٠]
3	5160	[سورة الفتح (٤٨): آية ٢١]
3	5160	[سورة الفتح (٤٨): آية ٢٢]
3	5161	[سورة الفتح (٤٨): آية ٢٣]
3	5161	[سورة الفتح (٤٨): آية ٢٤]
3	5162	[سورة الفتح (٤٨): آية ٢٥]
3	5164	[سورة الفتح (٤٨): آية ٢٦]
3	5166	[سورة الفتح (٤٨): آية ٢٧]
3	5167	[سورة الفتح (٤٨): الآيات ٢٨ إلى ٢٩]
2	5171	سورة الحجرات
3	5171	[سورة الحجرات (٤٩): آية ١]
3	5172	[سورة الحجرات (٤٩): آية ٢]
3	5175	[سورة الحجرات (٤٩): آية ٣]
3	5176	[سورة الحجرات (٤٩): آية ٤]
3	5177	[سورة الحجرات (٤٩): آية ٥]
3	5177	[سورة الحجرات (٤٩): آية ٦]
3	5180	[سورة الحجرات (٤٩): آية ٧]
3	5183	[سورة الحجرات (٤٩): آية ٨]
3	5184	[سورة الحجرات (٤٩): آية ٩]
3	5186	[سورة الحجرات (٤٩): آية ١٠]
3	5187	[سورة الحجرات (٤٩): آية ١١]
3	5190	[سورة الحجرات (٤٩): آية ١٢]
3	5192	[سورة الحجرات (٤٩): آية ١٣]
3	5195	[سورة الحجرات (٤٩): آية ١٤]
3	5197	[سورة الحجرات (٤٩): آية ١٥]
3	5197	[سورة الحجرات (٤٩): آية ١٦]
3	5197	[سورة الحجرات (٤٩): آية ١٧]
3	5198	[سورة الحجرات (٤٩): آية ١٨]
2	5199	سورة ق
3	5199	[سورة ق (٥٠): آية ١]
3	5203	[سورة ق (٥٠): آية ٢]
3	5204	[سورة ق (٥٠): آية ٣]
3	5205	[سورة ق (٥٠): آية ٤]
3	5205	[سورة ق (٥٠): آية ٥]
3	5207	[سورة ق (٥٠): آية ٦]
3	5208	[سورة ق (٥٠): آية ٧]
3	5209	[سورة ق (٥٠): آية ٨]
3	5209	[سورة ق (٥٠): الآيات ٩ إلى ١٠]
3	5210	[سورة ق (٥٠): آية ١١]
3	5212	[سورة ق (٥٠): الآيات ١٢ إلى ١٤]
3	5213	[سورة ق (٥٠): آية ١٥]
3	5213	[سورة ق (٥٠): آية ١٦]
3	5214	[سورة ق (٥٠): الآيات ١٧ إلى ١٨]
3	5214	[سورة ق (٥٠): آية ١٩]
3	5215	[سورة ق (٥٠): آية ٢٠]
3	5215	[سورة ق (٥٠): آية ٢١]
3	5215	[سورة ق (٥٠): آية ٢٢]
3	5216	[سورة ق (٥٠): الآيات ٢٣ إلى ٢٤]
3	5216	[سورة ق (٥٠): آية ٢٥]
3	5217	[سورة ق (٥٠): آية ٢٦]
3	5217	[سورة ق (٥٠): آية ٢٧]
3	5219	[سورة ق (٥٠): آية ٢٨]
3	5219	[سورة ق (٥٠): آية ٢٩]
3	5223	[سورة ق (٥٠): آية ٣٠]
3	5223	[سورة ق (٥٠): آية ٣١]
3	5225	[سورة ق (٥٠): آية ٣٢]
3	5225	[سورة ق (٥٠): آية ٣٣]
3	5228	[سورة ق (٥٠): آية ٣٤]
3	5228	[سورة ق (٥٠): آية ٣٥]
3	5229	[سورة ق (٥٠): آية ٣٦]
3	5230	[سورة ق (٥٠): آية ٣٧]
3	5231	[سورة ق (٥٠): آية ٣٨]
3	5232	[سورة ق (٥٠): آية ٣٩]
3	5232	[سورة ق (٥٠): آية ٤٠]
3	5234	[سورة ق (٥٠): آية ٤١]
3	5235	[سورة ق (٥٠): آية ٤٢]
3	5236	[سورة ق (٥٠): آية ٤٣]
3	5236	[سورة ق (٥٠): آية ٤٤]
3	5237	[سورة ق (٥٠): آية ٤٥]
2	5239	سورة الذاريات
3	5239	[سورة الذاريات (٥١): الآيات ١ إلى ٤]
3	5242	[سورة الذاريات (٥١): آية ٥]
3	5242	[سورة الذاريات (٥١): آية ٦]
3	5242	[سورة الذاريات (٥١): الآيات ٧ إلى ٨]
3	5243	[سورة الذاريات (٥١): آية ٩]
3	5243	[سورة الذاريات (٥١): آية ١٠]
3	5243	[سورة الذاريات (٥١): آية ١١]
3	5244	[سورة الذاريات (٥١): آية ١٢]
3	5244	[سورة الذاريات (٥١): آية ١٣]
3	5244	[سورة الذاريات (٥١): آية ١٤]
3	5245	[سورة الذاريات (٥١): آية ١٥]
3	5245	[سورة الذاريات (٥١): آية ١٦]
3	5246	[سورة الذاريات (٥١): آية ١٧]
3	5248	[سورة الذاريات (٥١): آية ١٨]
3	5249	[سورة الذاريات (٥١): آية ١٩]
3	5251	[سورة الذاريات (٥١): آية ٢٠]
3	5252	[سورة الذاريات (٥١): آية ٢١]
3	5252	[سورة الذاريات (٥١): آية ٢٢]
3	5252	[سورة الذاريات (٥١): آية ٢٣]
3	5253	[سورة الذاريات (٥١): آية ٢٤]
3	5254	[سورة الذاريات (٥١): آية ٢٥]
3	5256	[سورة الذاريات (٥١): الآيات ٢٦ إلى ٢٧]
3	5257	[سورة الذاريات (٥١): آية ٢٨]
3	5257	[سورة الذاريات (٥١): الآيات ٢٩ إلى ٣٠]
3	5258	[سورة الذاريات (٥١): آية ٣١]
3	5259	[سورة الذاريات (٥١): آية ٣٢]
3	5259	[سورة الذاريات (٥١): آية ٣٣]
3	5260	[سورة الذاريات (٥١): آية ٣٤]
3	5261	[سورة الذاريات (٥١): آية ٣٥]
3	5261	[سورة الذاريات (٥١): آية ٣٦]
3	5261	[سورة الذاريات (٥١): آية ٣٧]
3	5262	[سورة الذاريات (٥١): آية ٣٨]
3	5262	[سورة الذاريات (٥١): آية ٣٩]
3	5262	[سورة الذاريات (٥١): آية ٤٠]
3	5263	[سورة الذاريات (٥١): آية ٤١]
3	5264	[سورة الذاريات (٥١): آية ٤٢]
3	5265	[سورة الذاريات (٥١): آية ٤٣]
3	5265	[سورة الذاريات (٥١): آية ٤٤]
3	5265	[سورة الذاريات (٥١): آية ٤٥]
3	5266	[سورة الذاريات (٥١): آية ٤٦]
3	5266	[سورة الذاريات (٥١): آية ٤٧]
3	5268	[سورة الذاريات (٥١): آية ٤٨]
3	5268	[سورة الذاريات (٥١): آية ٤٩]
3	5268	[سورة الذاريات (٥١): آية ٥٠]
3	5270	[سورة الذاريات (٥١): آية ٥١]
3	5270	[سورة الذاريات (٥١): آية ٥٢]
3	5271	[سورة الذاريات (٥١): آية ٥٣]
3	5271	[سورة الذاريات (٥١): آية ٥٤]
3	5271	[سورة الذاريات (٥١): آية ٥٥]
3	5271	[سورة الذاريات (٥١): آية ٥٦]
3	5274	[سورة الذاريات (٥١): آية ٥٧]
3	5275	[سورة الذاريات (٥١): آية ٥٨]
3	5277	[سورة الذاريات (٥١): الآيات ٥٩ إلى ٦٠]
2	5278	سورة الطور
3	5278	[سورة الطور (٥٢): الآيات ١ إلى ٦]
3	5280	[سورة الطور (٥٢): الآيات ٧ إلى ٨]
3	5281	[سورة الطور (٥٢): الآيات ٩ إلى ١٠]
3	5283	[سورة الطور (٥٢): الآيات ١١ إلى ١٢]
3	5284	[سورة الطور (٥٢): آية ١٣]
3	5285	[سورة الطور (٥٢): آية ١٤]
3	5285	[سورة الطور (٥٢): آية ١٥]
3	5285	[سورة الطور (٥٢): آية ١٦]
3	5286	[سورة الطور (٥٢): آية ١٧]
3	5286	[سورة الطور (٥٢): آية ١٨]
3	5286	[سورة الطور (٥٢): الآيات ١٩ إلى ٢٠]
3	5287	[سورة الطور (٥٢): آية ٢١]
3	5290	[سورة الطور (٥٢): آية ٢٢]
3	5291	[سورة الطور (٥٢): آية ٢٣]
3	5291	[سورة الطور (٥٢): آية ٢٤]
3	5291	[سورة الطور (٥٢): الآيات ٢٥ إلى ٢٨]
3	5292	[سورة الطور (٥٢): الآيات ٢٩ إلى ٣١]
3	5293	[سورة الطور (٥٢): آية ٣٢]
3	5294	[سورة الطور (٥٢): آية ٣٣]
3	5294	[سورة الطور (٥٢): آية ٣٤]
3	5295	[سورة الطور (٥٢): آية ٣٥]
3	5297	[سورة الطور (٥٢): آية ٣٦]
3	5297	[سورة الطور (٥٢): آية ٣٧]
3	5298	[سورة الطور (٥٢): آية ٣٨]
3	5298	[سورة الطور (٥٢): آية ٣٩]
3	5299	[سورة الطور (٥٢): آية ٤٠]
3	5300	[سورة الطور (٥٢): آية ٤١]
3	5301	[سورة الطور (٥٢): آية ٤٢]
3	5302	[سورة الطور (٥٢): آية ٤٣]
3	5303	[سورة الطور (٥٢): آية ٤٤]
3	5304	[سورة الطور (٥٢): آية ٤٥]
3	5306	[سورة الطور (٥٢): آية ٤٦]
3	5307	[سورة الطور (٥٢): آية ٤٧]
3	5308	[سورة الطور (٥٢): آية ٤٨]
3	5310	[سورة الطور (٥٢): آية ٤٩]
2	5311	سورة النجم
3	5311	[سورة النجم (٥٣): آية ١]
3	5313	[سورة النجم (٥٣): الآيات ٢ إلى ٣]
3	5315	[سورة النجم (٥٣): آية ٤]
3	5317	[سورة النجم (٥٣): آية ٥]
3	5318	[سورة النجم (٥٣): آية ٦]
3	5318	[سورة النجم (٥٣): آية ٧]
3	5319	[سورة النجم (٥٣): آية ٨]
3	5319	[سورة النجم (٥٣): آية ٩]
3	5321	[سورة النجم (٥٣): آية ١٠]
3	5321	[سورة النجم (٥٣): آية ١١]
3	5322	[سورة النجم (٥٣): آية ١٢]
3	5322	[سورة النجم (٥٣): الآيات ١٣ إلى ١٤]
3	5324	[سورة النجم (٥٣): آية ١٥]
3	5324	[سورة النجم (٥٣): آية ١٦]
3	5325	[سورة النجم (٥٣): آية ١٧]
3	5326	[سورة النجم (٥٣): آية ١٨]
3	5327	[سورة النجم (٥٣): الآيات ١٩ إلى ٢٠]
3	5328	[سورة النجم (٥٣): آية ٢١]
3	5328	[سورة النجم (٥٣): آية ٢٢]
3	5329	[سورة النجم (٥٣): آية ٢٣]
3	5332	[سورة النجم (٥٣): آية ٢٤]
3	5332	[سورة النجم (٥٣): آية ٢٥]
3	5335	[سورة النجم (٥٣): آية ٢٦]
3	5337	[سورة النجم (٥٣): آية ٢٧]
3	5339	[سورة النجم (٥٣): آية ٢٨]
3	5340	[سورة النجم (٥٣): آية ٢٩]
1	5343	الجزء التاسع والعشرون
2	5343	تتمة سورة النجم
3	5343	[سورة النجم (٥٣): آية ٣٠]
3	5346	[سورة النجم (٥٣): آية ٣١]
3	5346	[سورة النجم (٥٣): آية ٣٢]
3	5350	[سورة النجم (٥٣): الآيات ٣٣ إلى ٣٥]
3	5352	[سورة النجم (٥٣): الآيات ٣٦ إلى ٣٩]
3	5355	[سورة النجم (٥٣): الآيات ٤٠ إلى ٤١]
3	5356	[سورة النجم (٥٣): آية ٤٢]
3	5357	[سورة النجم (٥٣): آية ٤٣]
3	5357	[سورة النجم (٥٣): آية ٤٤]
3	5358	[سورة النجم (٥٣): آية ٤٥]
3	5359	[سورة النجم (٥٣): آية ٤٦]
3	5359	[سورة النجم (٥٣): آية ٤٧]
3	5360	[سورة النجم (٥٣): آية ٤٨]
3	5361	[سورة النجم (٥٣): آية ٤٩]
3	5361	[سورة النجم (٥٣): آية ٥٠]
3	5361	[سورة النجم (٥٣): آية ٥١]
3	5361	[سورة النجم (٥٣): آية ٥٢]
3	5362	[سورة النجم (٥٣): آية ٥٣]
3	5362	[سورة النجم (٥٣): آية ٥٤]
3	5363	[سورة النجم (٥٣): آية ٥٥]
3	5363	[سورة النجم (٥٣): آية ٥٦]
3	5364	[سورة النجم (٥٣): آية ٥٧]
3	5364	[سورة النجم (٥٣): آية ٥٨]
3	5365	[سورة النجم (٥٣): آية ٥٩]
3	5365	[سورة النجم (٥٣): آية ٦٠]
3	5365	[سورة النجم (٥٣): آية ٦١]
3	5365	[سورة النجم (٥٣): آية ٦٢]
2	5366	سورة القمر
3	5366	[سورة القمر (٥٤): آية ١]
3	5366	[سورة القمر (٥٤): آية ٢]
3	5368	[سورة القمر (٥٤): آية ٣]
3	5369	[سورة القمر (٥٤): آية ٤]
3	5369	[سورة القمر (٥٤): آية ٥]
3	5370	[سورة القمر (٥٤): آية ٦]
3	5370	[سورة القمر (٥٤): آية ٧]
3	5371	[سورة القمر (٥٤): آية ٨]
3	5371	[سورة القمر (٥٤): آية ٩]
3	5373	[سورة القمر (٥٤): آية ١٠]
3	5373	[سورة القمر (٥٤): آية ١١]
3	5374	[سورة القمر (٥٤): آية ١٢]
3	5375	[سورة القمر (٥٤): آية ١٣]
3	5375	[سورة القمر (٥٤): آية ١٤]
3	5376	[سورة القمر (٥٤): آية ١٥]
3	5377	[سورة القمر (٥٤): آية ١٦]
3	5378	[سورة القمر (٥٤): آية ١٧]
3	5379	[سورة القمر (٥٤): آية ١٨]
3	5380	[سورة القمر (٥٤): آية ١٩]
3	5382	[سورة القمر (٥٤): آية ٢٠]
3	5383	[سورة القمر (٥٤): الآيات ٢١ إلى ٢٢]
3	5383	[سورة القمر (٥٤): آية ٢٣]
3	5384	[سورة القمر (٥٤): آية ٢٤]
3	5385	[سورة القمر (٥٤): آية ٢٥]
3	5386	[سورة القمر (٥٤): آية ٢٦]
3	5386	[سورة القمر (٥٤): آية ٢٧]
3	5388	[سورة القمر (٥٤): آية ٢٨]
3	5389	[سورة القمر (٥٤): آية ٢٩]
3	5389	[سورة القمر (٥٤): آية ٣٠]
3	5389	[سورة القمر (٥٤): آية ٣١]
3	5390	[سورة القمر (٥٤): آية ٣٢]
3	5390	[سورة القمر (٥٤): آية ٣٣]
3	5390	[سورة القمر (٥٤): آية ٣٤]
3	5392	[سورة القمر (٥٤): آية ٣٥]
3	5393	[سورة القمر (٥٤): آية ٣٦]
3	5393	[سورة القمر (٥٤): آية ٣٧]
3	5395	[سورة القمر (٥٤): آية ٣٨]
3	5396	[سورة القمر (٥٤): آية ٣٩]
3	5396	[سورة القمر (٥٤): آية ٤٠]
3	5396	[سورة القمر (٥٤): الآيات ٤١ إلى ٤٢]
3	5397	[سورة القمر (٥٤): آية ٤٣]
3	5399	[سورة القمر (٥٤): آية ٤٤]
3	5400	[سورة القمر (٥٤): آية ٤٥]
3	5400	[سورة القمر (٥٤): آية ٤٦]
3	5401	[سورة القمر (٥٤): الآيات ٤٧ إلى ٤٨]
3	5403	[سورة القمر (٥٤): آية ٤٩]
3	5405	[سورة القمر (٥٤): آية ٥٠]
3	5408	[سورة القمر (٥٤): آية ٥١]
3	5408	[سورة القمر (٥٤): آية ٥٢]
3	5408	[سورة القمر (٥٤): آية ٥٣]
3	5409	[سورة القمر (٥٤): آية ٥٤]
3	5410	[سورة القمر (٥٤): آية ٥٥]
2	5413	سورة الرحمن
3	5413	[سورة الرحمن (٥٥): الآيات ١ إلى ٤]
3	5417	[سورة الرحمن (٥٥): الآيات ٥ إلى ٦]
3	5420	[سورة الرحمن (٥٥): آية ٧]
3	5420	[سورة الرحمن (٥٥): آية ٨]
3	5421	[سورة الرحمن (٥٥): آية ٩]
3	5422	[سورة الرحمن (٥٥): آية ١٠]
3	5422	[سورة الرحمن (٥٥): آية ١١]
3	5424	[سورة الرحمن (٥٥): آية ١٢]
3	5424	[سورة الرحمن (٥٥): آية ١٣]
3	5426	[سورة الرحمن (٥٥): آية ١٤]
3	5427	[سورة الرحمن (٥٥): الآيات ١٥ إلى ١٦]
3	5428	[سورة الرحمن (٥٥): الآيات ١٧ إلى ١٨]
3	5428	[سورة الرحمن (٥٥): الآيات ١٩ إلى ٢١]
3	5430	[سورة الرحمن (٥٥): الآيات ٢٢ إلى ٢٣]
3	5431	[سورة الرحمن (٥٥): الآيات ٢٤ إلى ٢٥]
3	5432	[سورة الرحمن (٥٥): آية ٢٦]
3	5433	[سورة الرحمن (٥٥): الآيات ٢٧ إلى ٢٨]
3	5435	[سورة الرحمن (٥٥): الآيات ٢٩ إلى ٣٠]
3	5438	[سورة الرحمن (٥٥): الآيات ٣١ إلى ٣٢]
3	5439	[سورة الرحمن (٥٥): الآيات ٣٣ إلى ٣٤]
3	5440	[سورة الرحمن (٥٥): الآيات ٣٥ إلى ٣٦]
3	5441	[سورة الرحمن (٥٥): الآيات ٣٧ إلى ٣٨]
3	5443	[سورة الرحمن (٥٥): الآيات ٣٩ إلى ٤٠]
3	5445	[سورة الرحمن (٥٥): الآيات ٤١ إلى ٤٢]
3	5446	[سورة الرحمن (٥٥): آية ٤٣]
3	5447	[سورة الرحمن (٥٥): آية ٤٤]
3	5447	[سورة الرحمن (٥٥): آية ٤٥]
3	5447	[سورة الرحمن (٥٥): الآيات ٤٦ إلى ٤٧]
3	5449	[سورة الرحمن (٥٥): الآيات ٤٨ إلى ٤٩]
3	5449	[سورة الرحمن (٥٥): الآيات ٥٠ إلى ٥٣]
3	5450	[سورة الرحمن (٥٥): الآيات ٥٤ إلى ٥٥]
3	5452	[سورة الرحمن (٥٥): الآيات ٥٦ إلى ٥٧]
3	5454	[سورة الرحمن (٥٥): الآيات ٥٨ إلى ٥٩]
3	5455	[سورة الرحمن (٥٥): الآيات ٦٠ إلى ٦١]
3	5457	[سورة الرحمن (٥٥): الآيات ٦٢ إلى ٦٧]
3	5458	[سورة الرحمن (٥٥): الآيات ٦٨ إلى ٦٩]
3	5458	[سورة الرحمن (٥٥): الآيات ٧٠ إلى ٧١]
3	5458	[سورة الرحمن (٥٥): الآيات ٧٢ إلى ٧٥]
3	5458	[سورة الرحمن (٥٥): الآيات ٧٦ إلى ٧٧]
3	5460	[سورة الرحمن (٥٥): آية ٧٨]
2	5462	سورة الواقعة
3	5462	[سورة الواقعة (٥٦): الآيات ١ إلى ٣]
3	5464	[سورة الواقعة (٥٦): الآيات ٤ إلى ٦]
3	5464	[سورة الواقعة (٥٦): الآيات ٧ إلى ٩]
3	5467	[سورة الواقعة (٥٦): الآيات ١٠ إلى ١١]
3	5468	[سورة الواقعة (٥٦): آية ١٢]
3	5469	[سورة الواقعة (٥٦): الآيات ١٣ إلى ١٤]
3	5470	[سورة الواقعة (٥٦): الآيات ١٥ إلى ١٦]
3	5471	[سورة الواقعة (٥٦): آية ١٧]
3	5471	[سورة الواقعة (٥٦): آية ١٨]
3	5472	[سورة الواقعة (٥٦): آية ١٩]
3	5473	[سورة الواقعة (٥٦): الآيات ٢٠ إلى ٢١]
3	5475	[سورة الواقعة (٥٦): الآيات ٢٢ إلى ٢٣]
3	5476	[سورة الواقعة (٥٦): آية ٢٤]
3	5478	[سورة الواقعة (٥٦): الآيات ٢٥ إلى ٢٦]
3	5481	[سورة الواقعة (٥٦): الآيات ٢٧ إلى ٢٩]
3	5483	[سورة الواقعة (٥٦): آية ٣٠]
3	5483	[سورة الواقعة (٥٦): آية ٣١]
3	5484	[سورة الواقعة (٥٦): الآيات ٣٢ إلى ٣٣]
3	5485	[سورة الواقعة (٥٦): آية ٣٤]
3	5485	[سورة الواقعة (٥٦): الآيات ٣٥ إلى ٣٨]
3	5486	[سورة الواقعة (٥٦): الآيات ٣٩ إلى ٤٠]
3	5487	[سورة الواقعة (٥٦): الآيات ٤١ إلى ٤٣]
3	5488	[سورة الواقعة (٥٦): آية ٤٤]
3	5488	[سورة الواقعة (٥٦): الآيات ٤٥ إلى ٤٨]
3	5491	[سورة الواقعة (٥٦): الآيات ٤٩ إلى ٥٠]
3	5492	[سورة الواقعة (٥٦): الآيات ٥١ إلى ٥٥]
3	5493	[سورة الواقعة (٥٦): آية ٥٦]
3	5493	[سورة الواقعة (٥٦): الآيات ٥٧ إلى ٥٩]
3	5494	[سورة الواقعة (٥٦): الآيات ٦٠ إلى ٦٢]
3	5497	[سورة الواقعة (٥٦): الآيات ٦٣ إلى ٦٤]
3	5498	[سورة الواقعة (٥٦): الآيات ٦٥ إلى ٦٧]
3	5500	[سورة الواقعة (٥٦): الآيات ٦٨ إلى ٧٠]
3	5501	[سورة الواقعة (٥٦): آية ٧١]
3	5501	[سورة الواقعة (٥٦): آية ٧٢]
3	5501	[سورة الواقعة (٥٦): آية ٧٣]
3	5501	[سورة الواقعة (٥٦): آية ٧٤]
3	5503	[سورة الواقعة (٥٦): الآيات ٧٥ إلى ٧٦]
3	5506	[سورة الواقعة (٥٦): الآيات ٧٧ إلى ٨٠]
3	5511	[سورة الواقعة (٥٦): الآيات ٨١ إلى ٨٢]
3	5512	[سورة الواقعة (٥٦): الآيات ٨٣ إلى ٨٥]
3	5514	[سورة الواقعة (٥٦): الآيات ٨٦ إلى ٨٧]
3	5515	[سورة الواقعة (٥٦): الآيات ٨٨ إلى ٨٩]
3	5516	[سورة الواقعة (٥٦): الآيات ٩٠ إلى ٩١]
3	5517	[سورة الواقعة (٥٦): الآيات ٩٢ إلى ٩٤]
3	5517	[سورة الواقعة (٥٦): الآيات ٩٥ إلى ٩٦]
2	5519	سورة الحديد
3	5519	[سورة الحديد (٥٧): آية ١]
3	5521	[سورة الحديد (٥٧): آية ٢]
3	5522	[سورة الحديد (٥٧): آية ٣]
3	5526	[سورة الحديد (٥٧): آية ٤]
3	5527	[سورة الحديد (٥٧): آية ٥]
3	5527	[سورة الحديد (٥٧): آية ٦]
3	5527	[سورة الحديد (٥٧): آية ٧]
3	5528	[سورة الحديد (٥٧): آية ٨]
3	5529	[سورة الحديد (٥٧): آية ٩]
3	5530	[سورة الحديد (٥٧): آية ١٠]
3	5532	[سورة الحديد (٥٧): آية ١١]
3	5533	[سورة الحديد (٥٧): آية ١٢]
3	5534	[سورة الحديد (٥٧): آية ١٣]
3	5536	[سورة الحديد (٥٧): آية ١٤]
3	5537	[سورة الحديد (٥٧): آية ١٥]
3	5538	[سورة الحديد (٥٧): آية ١٦]
3	5539	[سورة الحديد (٥٧): آية ١٧]
3	5539	[سورة الحديد (٥٧): آية ١٨]
3	5540	[سورة الحديد (٥٧): آية ١٩]
3	5541	[سورة الحديد (٥٧): آية ٢٠]
3	5542	[سورة الحديد (٥٧): آية ٢١]
3	5544	[سورة الحديد (٥٧): آية ٢٢]
3	5545	[سورة الحديد (٥٧): آية ٢٣]
3	5547	[سورة الحديد (٥٧): آية ٢٤]
3	5547	[سورة الحديد (٥٧): آية ٢٥]
3	5550	[سورة الحديد (٥٧): آية ٢٦]
3	5551	[سورة الحديد (٥٧): آية ٢٧]
3	5553	[سورة الحديد (٥٧): آية ٢٨]
3	5553	[سورة الحديد (٥٧): آية ٢٩]
2	5555	سورة المجادلة
3	5555	[سورة المجادلة (٥٨): آية ١]
3	5556	[سورة المجادلة (٥٨): آية ٢]
3	5560	[سورة المجادلة (٥٨): آية ٣]
3	5565	[سورة المجادلة (٥٨): آية ٤]
3	5566	[سورة المجادلة (٥٨): آية ٥]
3	5566	[سورة المجادلة (٥٨): آية ٦]
3	5566	[سورة المجادلة (٥٨): آية ٧]
3	5569	[سورة المجادلة (٥٨): آية ٨]
3	5570	[سورة المجادلة (٥٨): آية ٩]
3	5570	[سورة المجادلة (٥٨): آية ١٠]
3	5571	[سورة المجادلة (٥٨): آية ١١]
3	5573	[سورة المجادلة (٥٨): آية ١٢]
3	5574	[سورة المجادلة (٥٨): آية ١٣]
3	5575	[سورة المجادلة (٥٨): آية ١٤]
3	5575	[سورة المجادلة (٥٨): آية ١٥]
3	5575	[سورة المجادلة (٥٨): آية ١٦]
3	5576	[سورة المجادلة (٥٨): آية ١٧]
3	5576	[سورة المجادلة (٥٨): آية ١٨]
3	5576	[سورة المجادلة (٥٨): آية ١٩]
3	5576	[سورة المجادلة (٥٨): الآيات ٢٠ إلى ٢١]
3	5577	[سورة المجادلة (٥٨): آية ٢٢]
2	5579	سورة الحشر
3	5579	[سورة الحشر (٥٩): الآيات ١ إلى ٢]
3	5582	[سورة الحشر (٥٩): آية ٣]
3	5582	[سورة الحشر (٥٩): آية ٤]
3	5583	[سورة الحشر (٥٩): آية ٥]
3	5583	[سورة الحشر (٥٩): آية ٦]
3	5584	[سورة الحشر (٥٩): آية ٧]
3	5585	[سورة الحشر (٥٩): آية ٨]
3	5586	[سورة الحشر (٥٩): آية ٩]
3	5587	[سورة الحشر (٥٩): آية ١٠]
3	5587	[سورة الحشر (٥٩): آية ١١]
3	5587	[سورة الحشر (٥٩): آية ١٢]
3	5588	[سورة الحشر (٥٩): آية ١٣]
3	5588	[سورة الحشر (٥٩): آية ١٤]
3	5588	[سورة الحشر (٥٩): آية ١٥]
3	5589	[سورة الحشر (٥٩): آية ١٦]
3	5589	[سورة الحشر (٥٩): آية ١٧]
3	5589	[سورة الحشر (٥٩): آية ١٨]
3	5589	[سورة الحشر (٥٩): آية ١٩]
3	5590	[سورة الحشر (٥٩): آية ٢٠]
3	5590	[سورة الحشر (٥٩): آية ٢١]
3	5590	[سورة الحشر (٥٩): آية ٢٢]
3	5590	[سورة الحشر (٥٩): آية ٢٣]
3	5592	[سورة الحشر (٥٩): آية ٢٤]
2	5593	سورة الممتحنة
3	5593	[سورة الممتحنة (٦٠): آية ١]
3	5595	[سورة الممتحنة (٦٠): الآيات ٢ إلى ٣]
3	5596	[سورة الممتحنة (٦٠): آية ٤]
3	5597	[سورة الممتحنة (٦٠): الآيات ٥ إلى ٧]
3	5598	[سورة الممتحنة (٦٠): الآيات ٨ إلى ٩]
3	5599	[سورة الممتحنة (٦٠): آية ١٠]
3	5601	[سورة الممتحنة (٦٠): آية ١١]
3	5601	[سورة الممتحنة (٦٠): آية ١٢]
3	5603	[سورة الممتحنة (٦٠): آية ١٣]
2	5604	سورة الصف
3	5604	[سورة الصف (٦١): الآيات ١ إلى ٢]
3	5605	[سورة الصف (٦١): آية ٣]
3	5605	[سورة الصف (٦١): آية ٤]
3	5606	[سورة الصف (٦١): آية ٥]
3	5606	[سورة الصف (٦١): الآيات ٦ إلى ٧]
3	5607	[سورة الصف (٦١): الآيات ٨ إلى ٩]
3	5608	[سورة الصف (٦١): الآيات ١٠ إلى ١١]
3	5609	[سورة الصف (٦١): الآيات ١٢ إلى ١٣]
3	5610	[سورة الصف (٦١): آية ١٤]
1	5612	الجزء الثلاثون
2	5612	سورة الجمعة
3	5612	[سورة الجمعة (٦٢): آية ١]
3	5613	[سورة الجمعة (٦٢): آية ٢]
3	5613	[سورة الجمعة (٦٢): الآيات ٣ إلى ٤]
3	5614	[سورة الجمعة (٦٢): آية ٥]
3	5615	[سورة الجمعة (٦٢): الآيات ٦ إلى ٧]
3	5616	[سورة الجمعة (٦٢): آية ٨]
3	5616	[سورة الجمعة (٦٢): الآيات ٩ إلى ١٠]
3	5619	[سورة الجمعة (٦٢): آية ١١]
2	5620	سورة المنافقون
3	5620	[سورة المنافقون (٦٣): آية ١]
3	5620	[سورة المنافقون (٦٣): الآيات ٢ إلى ٣]
3	5621	[سورة المنافقون (٦٣): الآيات ٤ إلى ٦]
3	5623	[سورة المنافقون (٦٣): الآيات ٧ إلى ٨]
3	5624	[سورة المنافقون (٦٣): الآيات ٩ إلى ١١]
2	5626	سورة التغابن
3	5626	[سورة التغابن (٦٤): آية ١]
3	5627	[سورة التغابن (٦٤): الآيات ٢ إلى ٤]
3	5628	[سورة التغابن (٦٤): الآيات ٥ إلى ٧]
3	5629	[سورة التغابن (٦٤): الآيات ٨ إلى ١٠]
3	5630	[سورة التغابن (٦٤): الآيات ١١ إلى ١٣]
3	5631	[سورة التغابن (٦٤): الآيات ١٤ إلى ١٦]
3	5632	[سورة التغابن (٦٤): الآيات ١٧ إلى ١٨]
2	5633	سورة الطلاق
3	5633	[سورة الطلاق (٦٥): آية ١]
3	5636	[سورة الطلاق (٦٥): الآيات ٢ إلى ٣]
3	5638	[سورة الطلاق (٦٥): الآيات ٤ إلى ٥]
3	5638	[سورة الطلاق (٦٥): الآيات ٦ إلى ٧]
3	5640	[سورة الطلاق (٦٥): الآيات ٨ إلى ١١]
3	5641	[سورة الطلاق (٦٥): آية ١٢]
2	5643	سورة التحريم
3	5643	[سورة التحريم (٦٦): آية ١]
3	5644	[سورة التحريم (٦٦): الآيات ٢ إلى ٣]
3	5645	[سورة التحريم (٦٦): الآيات ٤ إلى ٥]
3	5647	[سورة التحريم (٦٦): الآيات ٦ إلى ٧]
3	5648	[سورة التحريم (٦٦): الآيات ٨ إلى ٩]
3	5649	[سورة التحريم (٦٦): الآيات ١٠ إلى ١١]
3	5650	[سورة التحريم (٦٦): آية ١٢]
2	5652	سورة الملك
3	5652	[سورة الملك (٦٧): آية ١]
3	5654	[سورة الملك (٦٧): آية ٢]
3	5656	[سورة الملك (٦٧): آية ٣]
3	5657	[سورة الملك (٦٧): آية ٤]
3	5658	[سورة الملك (٦٧): آية ٥]
3	5661	[سورة الملك (٦٧): آية ٦]
3	5661	[سورة الملك (٦٧): آية ٧]
3	5661	[سورة الملك (٦٧): آية ٨]
3	5662	[سورة الملك (٦٧): آية ٩]
3	5663	[سورة الملك (٦٧): آية ١٠]
3	5663	[سورة الملك (٦٧): آية ١١]
3	5664	[سورة الملك (٦٧): آية ١٢]
3	5664	[سورة الملك (٦٧): آية ١٣]
3	5664	[سورة الملك (٦٧): آية ١٤]
3	5665	[سورة الملك (٦٧): آية ١٥]
3	5667	[سورة الملك (٦٧): آية ١٦]
3	5667	[سورة الملك (٦٧): آية ١٧]
3	5668	[سورة الملك (٦٧): آية ١٨]
3	5668	[سورة الملك (٦٧): آية ١٩]
3	5669	[سورة الملك (٦٧): آية ٢٠]
3	5669	[سورة الملك (٦٧): آية ٢١]
3	5669	[سورة الملك (٦٧): آية ٢٢]
3	5670	[سورة الملك (٦٧): آية ٢٣]
3	5670	[سورة الملك (٦٧): آية ٢٤]
3	5671	[سورة الملك (٦٧): آية ٢٥]
3	5671	[سورة الملك (٦٧): آية ٢٦]
3	5671	[سورة الملك (٦٧): آية ٢٧]
3	5672	[سورة الملك (٦٧): آية ٢٨]
3	5672	[سورة الملك (٦٧): آية ٢٩]
3	5672	[سورة الملك (٦٧): آية ٣٠]
2	5673	سورة القلم
3	5673	[سورة القلم (٦٨): آية ١]
3	5674	[سورة القلم (٦٨): الآيات ٢ إلى ٤]
3	5677	[سورة القلم (٦٨): آية ٥]
3	5677	[سورة القلم (٦٨): آية ٦]
3	5678	[سورة القلم (٦٨): آية ٧]
3	5678	[سورة القلم (٦٨): آية ٨]
3	5678	[سورة القلم (٦٨): الآيات ٩ إلى ١٣]
3	5680	[سورة القلم (٦٨): الآيات ١٤ إلى ١٥]
3	5681	[سورة القلم (٦٨): آية ١٦]
3	5682	[سورة القلم (٦٨): الآيات ١٧ إلى ١٨]
3	5682	[سورة القلم (٦٨): الآيات ١٩ إلى ٢٠]
3	5683	[سورة القلم (٦٨): الآيات ٢١ إلى ٢٢]
3	5683	[سورة القلم (٦٨): آية ٢٣]
3	5683	[سورة القلم (٦٨): آية ٢٤]
3	5684	[سورة القلم (٦٨): آية ٢٥]
3	5684	[سورة القلم (٦٨): الآيات ٢٦ إلى ٢٧]
3	5684	[سورة القلم (٦٨): آية ٢٨]
3	5684	[سورة القلم (٦٨): آية ٢٩]
3	5685	[سورة القلم (٦٨): آية ٣٠]
3	5685	[سورة القلم (٦٨): آية ٣١]
3	5685	[سورة القلم (٦٨): آية ٣٢]
3	5685	[سورة القلم (٦٨): آية ٣٣]
3	5686	[سورة القلم (٦٨): آية ٣٤]
3	5686	[سورة القلم (٦٨): الآيات ٣٥ إلى ٣٦]
3	5686	[سورة القلم (٦٨): الآيات ٣٧ إلى ٣٨]
3	5687	[سورة القلم (٦٨): آية ٣٩]
3	5687	[سورة القلم (٦٨): آية ٤٠]
3	5687	[سورة القلم (٦٨): آية ٤١]
3	5687	[سورة القلم (٦٨): الآيات ٤٢ إلى ٤٣]
3	5690	[سورة القلم (٦٨): آية ٤٤]
3	5690	[سورة القلم (٦٨): آية ٤٥]
3	5691	[سورة القلم (٦٨): آية ٤٦]
3	5691	[سورة القلم (٦٨): آية ٤٧]
3	5691	[سورة القلم (٦٨): آية ٤٨]
3	5692	[سورة القلم (٦٨): آية ٤٩]
3	5692	[سورة القلم (٦٨): آية ٥٠]
3	5693	[سورة القلم (٦٨): آية ٥١]
3	5694	[سورة القلم (٦٨): آية ٥٢]
2	5695	سورة الحاقة
3	5695	[سورة الحاقة (٦٩): الآيات ١ إلى ٣]
3	5695	[سورة الحاقة (٦٩): آية ٤]
3	5696	[سورة الحاقة (٦٩): آية ٥]
3	5696	[سورة الحاقة (٦٩): آية ٦]
3	5697	[سورة الحاقة (٦٩): آية ٧]
3	5697	[سورة الحاقة (٦٩): آية ٨]
3	5698	[سورة الحاقة (٦٩): آية ٩]
3	5698	[سورة الحاقة (٦٩): آية ١٠]
3	5698	[سورة الحاقة (٦٩): آية ١١]
3	5699	[سورة الحاقة (٦٩): آية ١٢]
3	5699	[سورة الحاقة (٦٩): آية ١٣]
3	5700	[سورة الحاقة (٦٩): آية ١٤]
3	5700	[سورة الحاقة (٦٩): الآيات ١٥ إلى ١٦]
3	5700	[سورة الحاقة (٦٩): آية ١٧]
3	5701	[سورة الحاقة (٦٩): آية ١٨]
3	5702	[سورة الحاقة (٦٩): آية ١٩]
3	5703	[سورة الحاقة (٦٩): آية ٢٠]
3	5703	[سورة الحاقة (٦٩): آية ٢١]
3	5704	[سورة الحاقة (٦٩): آية ٢٢]
3	5704	[سورة الحاقة (٦٩): آية ٢٣]
3	5704	[سورة الحاقة (٦٩): آية ٢٤]
3	5705	[سورة الحاقة (٦٩): الآيات ٢٥ إلى ٢٦]
3	5705	[سورة الحاقة (٦٩): آية ٢٧]
3	5705	[سورة الحاقة (٦٩): الآيات ٢٨ إلى ٣٢]
3	5706	[سورة الحاقة (٦٩): الآيات ٣٣ إلى ٣٤]
3	5707	[سورة الحاقة (٦٩): آية ٣٥]
3	5707	[سورة الحاقة (٦٩): آية ٣٦]
3	5707	[سورة الحاقة (٦٩): آية ٣٧]
3	5708	[سورة الحاقة (٦٩): الآيات ٣٨ إلى ٣٩]
3	5708	[سورة الحاقة (٦٩): آية ٤٠]
3	5708	[سورة الحاقة (٦٩): الآيات ٤١ إلى ٤٢]
3	5709	[سورة الحاقة (٦٩): آية ٤٣]
3	5709	[سورة الحاقة (٦٩): آية ٤٤]
3	5709	[سورة الحاقة (٦٩): الآيات ٤٥ إلى ٤٦]
3	5710	[سورة الحاقة (٦٩): آية ٤٧]
3	5710	[سورة الحاقة (٦٩): آية ٤٨]
3	5710	[سورة الحاقة (٦٩): آية ٤٩]
3	5711	[سورة الحاقة (٦٩): آية ٥٠]
3	5711	[سورة الحاقة (٦٩): آية ٥١]
3	5711	[سورة الحاقة (٦٩): آية ٥٢]
2	5712	سورة المعارج
3	5712	[سورة المعارج (٧٠): الآيات ١ إلى ٣]
3	5713	[سورة المعارج (٧٠): آية ٤]
3	5715	[سورة المعارج (٧٠): آية ٥]
3	5715	[سورة المعارج (٧٠): الآيات ٦ إلى ٧]
3	5715	[سورة المعارج (٧٠): الآيات ٨ إلى ١٠]
3	5716	[سورة المعارج (٧٠): الآيات ١١ إلى ١٢]
3	5717	[سورة المعارج (٧٠): الآيات ١٣ إلى ١٤]
3	5717	[سورة المعارج (٧٠): الآيات ١٥ إلى ١٦]
3	5718	[سورة المعارج (٧٠): الآيات ١٧ إلى ١٨]
3	5718	[سورة المعارج (٧٠): آية ١٩]
3	5719	[سورة المعارج (٧٠): الآيات ٢٠ إلى ٢١]
3	5719	[سورة المعارج (٧٠): الآيات ٢٢ إلى ٢٣]
3	5720	[سورة المعارج (٧٠): الآيات ٢٤ إلى ٢٥]
3	5720	[سورة المعارج (٧٠): آية ٢٦]
3	5720	[سورة المعارج (٧٠): آية ٢٧]
3	5720	[سورة المعارج (٧٠): آية ٢٨]
3	5720	[سورة المعارج (٧٠): الآيات ٢٩ إلى ٣١]
3	5721	[سورة المعارج (٧٠): آية ٣٢]
3	5721	[سورة المعارج (٧٠): آية ٣٣]
3	5721	[سورة المعارج (٧٠): آية ٣٤]
3	5721	[سورة المعارج (٧٠): آية ٣٥]
3	5721	[سورة المعارج (٧٠): آية ٣٦]
3	5722	[سورة المعارج (٧٠): آية ٣٧]
3	5722	[سورة المعارج (٧٠): آية ٣٨]
3	5722	[سورة المعارج (٧٠): آية ٣٩]
3	5722	[سورة المعارج (٧٠): الآيات ٤٠ إلى ٤٢]
3	5723	[سورة المعارج (٧٠): الآيات ٤٣ إلى ٤٤]
2	5724	سورة نوح ﵇
3	5724	[سورة نوح (٧١): الآيات ١ إلى ٢]
3	5724	[سورة نوح (٧١): الآيات ٣ إلى ٤]
3	5725	[سورة نوح (٧١): الآيات ٥ إلى ٦]
3	5725	[سورة نوح (٧١): آية ٧]
3	5726	[سورة نوح (٧١): الآيات ٨ إلى ٩]
3	5726	[سورة نوح (٧١): آية ١٠]
3	5727	[سورة نوح (٧١): الآيات ١١ إلى ١٢]
3	5728	[سورة نوح (٧١): آية ١٣]
3	5728	[سورة نوح (٧١): آية ١٤]
3	5728	[سورة نوح (٧١): الآيات ١٥ إلى ١٦]
3	5729	[سورة نوح (٧١): الآيات ١٧ إلى ١٨]
3	5730	[سورة نوح (٧١): الآيات ١٩ إلى ٢٠]
3	5730	[سورة نوح (٧١): آية ٢١]
3	5730	[سورة نوح (٧١): الآيات ٢٢ إلى ٢٤]
3	5733	[سورة نوح (٧١): آية ٢٥]
3	5734	[سورة نوح (٧١): آية ٢٦]
3	5734	[سورة نوح (٧١): آية ٢٧]
3	5734	[سورة نوح (٧١): آية ٢٨]
2	5736	سورة الجن
3	5736	[سورة الجن (٧٢): الآيات ١ إلى ٢]
3	5741	[سورة الجن (٧٢): آية ٣]
3	5742	[سورة الجن (٧٢): آية ٤]
3	5742	[سورة الجن (٧٢): آية ٥]
3	5742	[سورة الجن (٧٢): آية ٦]
3	5743	[سورة الجن (٧٢): آية ٧]
3	5743	[سورة الجن (٧٢): آية ٨]
3	5744	[سورة الجن (٧٢): آية ٩]
3	5745	[سورة الجن (٧٢): آية ١٠]
3	5745	[سورة الجن (٧٢): آية ١١]
3	5745	[سورة الجن (٧٢): آية ١٢]
3	5745	[سورة الجن (٧٢): آية ١٣]
3	5746	[سورة الجن (٧٢): آية ١٤]
3	5746	[سورة الجن (٧٢): آية ١٥]
3	5746	[سورة الجن (٧٢): الآيات ١٦ إلى ١٧]
3	5748	[سورة الجن (٧٢): آية ١٨]
3	5749	[سورة الجن (٧٢): آية ١٩]
3	5750	[سورة الجن (٧٢): آية ٢٠]
3	5750	[سورة الجن (٧٢): آية ٢١]
3	5750	[سورة الجن (٧٢): آية ٢٢]
3	5750	[سورة الجن (٧٢): آية ٢٣]
3	5752	[سورة الجن (٧٢): آية ٢٤]
3	5752	[سورة الجن (٧٢): آية ٢٥]
3	5753	[سورة الجن (٧٢): الآيات ٢٦ إلى ٢٧]
3	5754	[سورة الجن (٧٢): آية ٢٨]
2	5756	سورة المزمل ﵇
3	5756	[سورة المزمل (٧٣): آية ١]
3	5756	[سورة المزمل (٧٣): الآيات ٢ إلى ٤]
3	5758	[سورة المزمل (٧٣): آية ٥]
3	5759	[سورة المزمل (٧٣): آية ٦]
3	5761	[سورة المزمل (٧٣): آية ٧]
3	5761	[سورة المزمل (٧٣): آية ٨]
3	5762	[سورة المزمل (٧٣): آية ٩]
3	5763	[سورة المزمل (٧٣): آية ١٠]
3	5764	[سورة المزمل (٧٣): آية ١١]
3	5764	[سورة المزمل (٧٣): الآيات ١٢ إلى ١٣]
3	5765	[سورة المزمل (٧٣): آية ١٤]
3	5765	[سورة المزمل (٧٣): الآيات ١٥ إلى ١٦]
3	5766	[سورة المزمل (٧٣): الآيات ١٧ إلى ١٨]
3	5768	[سورة المزمل (٧٣): آية ١٩]
3	5768	[سورة المزمل (٧٣): آية ٢٠]
2	5771	سورة المدثر
3	5771	[سورة المدثر (٧٤): آية ١]
3	5772	[سورة المدثر (٧٤): آية ٢]
3	5772	[سورة المدثر (٧٤): آية ٣]
3	5773	[سورة المدثر (٧٤): آية ٤]
3	5774	[سورة المدثر (٧٤): آية ٥]
3	5775	[سورة المدثر (٧٤): آية ٦]
3	5777	[سورة المدثر (٧٤): آية ٧]
3	5777	[سورة المدثر (٧٤): آية ٨]
3	5778	[سورة المدثر (٧٤): الآيات ٩ إلى ١٠]
3	5779	[سورة المدثر (٧٤): آية ١١]
3	5779	[سورة المدثر (٧٤): آية ١٢]
3	5779	[سورة المدثر (٧٤): آية ١٣]
3	5780	[سورة المدثر (٧٤): آية ١٤]
3	5780	[سورة المدثر (٧٤): آية ١٥]
3	5780	[سورة المدثر (٧٤): آية ١٦]
3	5780	[سورة المدثر (٧٤): آية ١٧]
3	5781	[سورة المدثر (٧٤): آية ١٨]
3	5781	[سورة المدثر (٧٤): آية ١٩]
3	5781	[سورة المدثر (٧٤): آية ٢٠]
3	5781	[سورة المدثر (٧٤): آية ٢١]
3	5781	[سورة المدثر (٧٤): آية ٢٢]
3	5782	[سورة المدثر (٧٤): الآيات ٢٣ إلى ٢٤]
3	5782	[سورة المدثر (٧٤): آية ٢٥]
3	5782	[سورة المدثر (٧٤): آية ٢٦]
3	5782	[سورة المدثر (٧٤): آية ٢٧]
3	5783	[سورة المدثر (٧٤): آية ٢٨]
3	5783	[سورة المدثر (٧٤): آية ٢٩]
3	5783	[سورة المدثر (٧٤): آية ٣٠]
3	5784	[سورة المدثر (٧٤): آية ٣١]
3	5788	[سورة المدثر (٧٤): الآيات ٣٢ إلى ٣٣]
3	5788	[سورة المدثر (٧٤): آية ٣٤]
3	5788	[سورة المدثر (٧٤): آية ٣٥]
3	5789	[سورة المدثر (٧٤): آية ٣٦]
3	5789	[سورة المدثر (٧٤): آية ٣٧]
3	5789	[سورة المدثر (٧٤): الآيات ٣٨ إلى ٣٩]
3	5790	[سورة المدثر (٧٤): الآيات ٤٠ إلى ٤١]
3	5790	[سورة المدثر (٧٤): الآيات ٤٢ إلى ٤٧]
3	5791	[سورة المدثر (٧٤): آية ٤٨]
3	5791	[سورة المدثر (٧٤): آية ٤٩]
3	5791	[سورة المدثر (٧٤): الآيات ٥٠ إلى ٥١]
3	5792	[سورة المدثر (٧٤): آية ٥٢]
3	5792	[سورة المدثر (٧٤): آية ٥٣]
3	5792	[سورة المدثر (٧٤): الآيات ٥٤ إلى ٥٥]
3	5792	[سورة المدثر (٧٤): آية ٥٦]
2	5794	سورة القيامة
3	5794	[سورة القيامة (٧٥): الآيات ١ إلى ٢]
3	5796	[سورة القيامة (٧٥): الآيات ٣ إلى ٤]
3	5797	[سورة القيامة (٧٥): آية ٥]
3	5797	[سورة القيامة (٧٥): آية ٦]
3	5798	[سورة القيامة (٧٥): الآيات ٧ إلى ١٠]
3	5800	[سورة القيامة (٧٥): آية ١١]
3	5800	[سورة القيامة (٧٥): آية ١٢]
3	5800	[سورة القيامة (٧٥): آية ١٣]
3	5800	[سورة القيامة (٧٥): آية ١٤]
3	5801	[سورة القيامة (٧٥): آية ١٥]
3	5801	[سورة القيامة (٧٥): آية ١٦]
3	5803	[سورة القيامة (٧٥): آية ١٧]
3	5803	[سورة القيامة (٧٥): آية ١٨]
3	5804	[سورة القيامة (٧٥): آية ١٩]
3	5804	[سورة القيامة (٧٥): الآيات ٢٠ إلى ٢١]
3	5805	[سورة القيامة (٧٥): آية ٢٢]
3	5805	[سورة القيامة (٧٥): آية ٢٣]
3	5808	[سورة القيامة (٧٥): الآيات ٢٤ إلى ٢٥]
3	5808	[سورة القيامة (٧٥): آية ٢٦]
3	5809	[سورة القيامة (٧٥): آية ٢٧]
3	5810	[سورة القيامة (٧٥): آية ٢٨]
3	5810	[سورة القيامة (٧٥): آية ٢٩]
3	5810	[سورة القيامة (٧٥): آية ٣٠]
3	5811	[سورة القيامة (٧٥): الآيات ٣١ إلى ٣٣]
3	5811	[سورة القيامة (٧٥): الآيات ٣٤ إلى ٣٥]
3	5812	[سورة القيامة (٧٥): آية ٣٦]
3	5812	[سورة القيامة (٧٥): آية ٣٧]
3	5812	[سورة القيامة (٧٥): آية ٣٨]
3	5813	[سورة القيامة (٧٥): الآيات ٣٩ إلى ٤٠]
2	5814	سورة الإنسان
3	5814	[سورة الإنسان (٧٦): آية ١]
3	5815	[سورة الإنسان (٧٦): آية ٢]
3	5816	[سورة الإنسان (٧٦): آية ٣]
3	5818	[سورة الإنسان (٧٦): الآيات ٤ إلى ٥]
3	5819	[سورة الإنسان (٧٦): آية ٦]
3	5819	[سورة الإنسان (٧٦): آية ٧]
3	5821	[سورة الإنسان (٧٦): الآيات ٨ إلى ١٠]
3	5824	[سورة الإنسان (٧٦): آية ١١]
3	5824	[سورة الإنسان (٧٦): الآيات ١٢ إلى ١٣]
3	5825	[سورة الإنسان (٧٦): آية ١٤]
3	5826	[سورة الإنسان (٧٦): الآيات ١٥ إلى ١٦]
3	5827	[سورة الإنسان (٧٦): آية ١٧]
3	5827	[سورة الإنسان (٧٦): آية ١٨]
3	5827	[سورة الإنسان (٧٦): آية ١٩]
3	5828	[سورة الإنسان (٧٦): آية ٢٠]
3	5829	[سورة الإنسان (٧٦): آية ٢١]
3	5831	[سورة الإنسان (٧٦): آية ٢٢]
3	5832	[سورة الإنسان (٧٦): آية ٢٣]
3	5833	[سورة الإنسان (٧٦): آية ٢٤]
3	5834	[سورة الإنسان (٧٦): الآيات ٢٥ إلى ٢٦]
3	5835	[سورة الإنسان (٧٦): آية ٢٧]
3	5835	[سورة الإنسان (٧٦): آية ٢٨]
3	5836	[سورة الإنسان (٧٦): الآيات ٢٩ إلى ٣٠]
3	5837	[سورة الإنسان (٧٦): آية ٣١]
2	5839	سورة المرسلات
3	5839	[سورة المرسلات (٧٧): الآيات ١ إلى ٦]
3	5843	[سورة المرسلات (٧٧): آية ٧]
3	5843	[سورة المرسلات (٧٧): آية ٨]
3	5843	[سورة المرسلات (٧٧): آية ٩]
3	5843	[سورة المرسلات (٧٧): آية ١٠]
3	5844	[سورة المرسلات (٧٧): آية ١١]
3	5844	[سورة المرسلات (٧٧): آية ١٢]
3	5845	[سورة المرسلات (٧٧): آية ١٣]
3	5845	[سورة المرسلات (٧٧): آية ١٤]
3	5845	[سورة المرسلات (٧٧): آية ١٥]
3	5845	[سورة المرسلات (٧٧): الآيات ١٦ إلى ١٩]
3	5846	[سورة المرسلات (٧٧): الآيات ٢٠ إلى ٢٤]
3	5847	[سورة المرسلات (٧٧): الآيات ٢٥ إلى ٢٨]
3	5848	[سورة المرسلات (٧٧): الآيات ٢٩ إلى ٣٤]
3	5852	[سورة المرسلات (٧٧): الآيات ٣٥ إلى ٣٧]
3	5854	[سورة المرسلات (٧٧): الآيات ٣٨ إلى ٤٠]
3	5854	[سورة المرسلات (٧٧): الآيات ٤١ إلى ٤٥]
3	5856	[سورة المرسلات (٧٧): الآيات ٤٦ إلى ٤٧]
3	5856	[سورة المرسلات (٧٧): الآيات ٤٨ إلى ٤٩]
3	5856	[سورة المرسلات (٧٧): آية ٥٠]
1	5858	الجزء الواحد والثلاثون
2	5858	سورة النبأ
3	5858	[سورة النبإ (٧٨): الآيات ١ إلى ٣]
3	5860	[سورة النبإ (٧٨): الآيات ٤ إلى ٥]
3	5861	[سورة النبإ (٧٨): آية ٦]
3	5861	[سورة النبإ (٧٨): آية ٧]
3	5862	[سورة النبإ (٧٨): آية ٨]
3	5862	[سورة النبإ (٧٨): آية ٩]
3	5862	[سورة النبإ (٧٨): آية ١٠]
3	5863	[سورة النبإ (٧٨): آية ١١]
3	5863	[سورة النبإ (٧٨): آية ١٢]
3	5863	[سورة النبإ (٧٨): آية ١٣]
3	5863	[سورة النبإ (٧٨): آية ١٤]
3	5864	[سورة النبإ (٧٨): الآيات ١٥ إلى ١٦]
3	5865	[سورة النبإ (٧٨): آية ١٧]
3	5865	[سورة النبإ (٧٨): آية ١٨]
3	5866	[سورة النبإ (٧٨): آية ١٩]
3	5866	[سورة النبإ (٧٨): آية ٢٠]
3	5867	[سورة النبإ (٧٨): آية ٢١]
3	5868	[سورة النبإ (٧٨): آية ٢٢]
3	5868	[سورة النبإ (٧٨): آية ٢٣]
3	5869	[سورة النبإ (٧٨): الآيات ٢٤ إلى ٢٦]
3	5871	[سورة النبإ (٧٨): آية ٢٧]
3	5871	[سورة النبإ (٧٨): آية ٢٨]
3	5872	[سورة النبإ (٧٨): آية ٢٩]
3	5873	[سورة النبإ (٧٨): آية ٣٠]
3	5874	[سورة النبإ (٧٨): آية ٣١]
3	5874	[سورة النبإ (٧٨): آية ٣٢]
3	5874	[سورة النبإ (٧٨): آية ٣٣]
3	5875	[سورة النبإ (٧٨): آية ٣٤]
3	5875	[سورة النبإ (٧٨): آية ٣٥]
3	5876	[سورة النبإ (٧٨): آية ٣٦]
3	5876	[سورة النبإ (٧٨): آية ٣٧]
3	5877	[سورة النبإ (٧٨): آية ٣٨]
3	5878	[سورة النبإ (٧٨): آية ٣٩]
3	5879	[سورة النبإ (٧٨): آية ٤٠]
2	5881	سورة النازعات
3	5881	[سورة النازعات (٧٩): الآيات ١ إلى ٥]
3	5886	[سورة النازعات (٧٩): الآيات ٦ إلى ١١]
3	5890	[سورة النازعات (٧٩): آية ١٢]
3	5890	[سورة النازعات (٧٩): الآيات ١٣ إلى ١٤]
3	5890	[سورة النازعات (٧٩): الآيات ١٥ إلى ١٧]
3	5892	[سورة النازعات (٧٩): آية ١٨]
3	5892	[سورة النازعات (٧٩): آية ١٩]
3	5893	[سورة النازعات (٧٩): آية ٢٠]
3	5893	[سورة النازعات (٧٩): آية ٢١]
3	5894	[سورة النازعات (٧٩): آية ٢٢]
3	5894	[سورة النازعات (٧٩): الآيات ٢٣ إلى ٢٤]
3	5894	[سورة النازعات (٧٩): آية ٢٥]
3	5895	[سورة النازعات (٧٩): آية ٢٦]
3	5895	[سورة النازعات (٧٩): الآيات ٢٧ إلى ٢٨]
3	5898	[سورة النازعات (٧٩): آية ٢٩]
3	5899	[سورة النازعات (٧٩): آية ٣٠]
3	5900	[سورة النازعات (٧٩): آية ٣١]
3	5900	[سورة النازعات (٧٩): الآيات ٣٢ إلى ٣٣]
3	5900	[سورة النازعات (٧٩): آية ٣٤]
3	5901	[سورة النازعات (٧٩): الآيات ٣٥ إلى ٣٦]
3	5902	[سورة النازعات (٧٩): الآيات ٣٧ إلى ٣٩]
3	5902	[سورة النازعات (٧٩): الآيات ٤٠ إلى ٤١]
3	5903	[سورة النازعات (٧٩): الآيات ٤٢ إلى ٤٤]
3	5904	[سورة النازعات (٧٩): آية ٤٥]
3	5904	[سورة النازعات (٧٩): آية ٤٦]
2	5905	سورة عبس
3	5905	[سورة عبس (٨٠): الآيات ١ إلى ٢]
3	5906	[سورة عبس (٨٠): الآيات ٣ إلى ٤]
3	5907	[سورة عبس (٨٠): آية ٥]
3	5907	[سورة عبس (٨٠): آية ٦]
3	5907	[سورة عبس (٨٠): آية ٧]
3	5907	[سورة عبس (٨٠): الآيات ٨ إلى ٩]
3	5907	[سورة عبس (٨٠): آية ١٠]
3	5908	[سورة عبس (٨٠): آية ١١]
3	5908	[سورة عبس (٨٠): الآيات ١٢ إلى ١٤]
3	5909	[سورة عبس (٨٠): الآيات ١٥ إلى ١٦]
3	5909	[سورة عبس (٨٠): آية ١٧]
3	5910	[سورة عبس (٨٠): آية ١٨]
3	5910	[سورة عبس (٨٠): آية ١٩]
3	5910	[سورة عبس (٨٠): آية ٢٠]
3	5911	[سورة عبس (٨٠): الآيات ٢١ إلى ٢٢]
3	5911	[سورة عبس (٨٠): آية ٢٣]
3	5912	[سورة عبس (٨٠): آية ٢٤]
3	5912	[سورة عبس (٨٠): آية ٢٥]
3	5912	[سورة عبس (٨٠): آية ٢٦]
3	5912	[سورة عبس (٨٠): آية ٢٧]
3	5912	[سورة عبس (٨٠): آية ٢٨]
3	5913	[سورة عبس (٨٠): آية ٢٩]
3	5913	[سورة عبس (٨٠): آية ٣٠]
3	5913	[سورة عبس (٨٠): الآيات ٣١ إلى ٣٢]
3	5914	[سورة عبس (٨٠): آية ٣٣]
3	5914	[سورة عبس (٨٠): الآيات ٣٤ إلى ٣٦]
3	5914	[سورة عبس (٨٠): آية ٣٧]
3	5915	[سورة عبس (٨٠): الآيات ٣٨ إلى ٣٩]
3	5915	[سورة عبس (٨٠): الآيات ٤٠ إلى ٤٢]
2	5916	سورة التكوير
3	5916	[سورة التكوير (٨١): آية ١]
3	5916	[سورة التكوير (٨١): آية ٢]
3	5917	[سورة التكوير (٨١): آية ٣]
3	5917	[سورة التكوير (٨١): آية ٤]
3	5917	[سورة التكوير (٨١): آية ٥]
3	5918	[سورة التكوير (٨١): آية ٦]
3	5918	[سورة التكوير (٨١): آية ٧]
3	5919	[سورة التكوير (٨١): الآيات ٨ إلى ٩]
3	5919	[سورة التكوير (٨١): آية ١٠]
3	5919	[سورة التكوير (٨١): آية ١١]
3	5920	[سورة التكوير (٨١): آية ١٢]
3	5920	[سورة التكوير (٨١): آية ١٣]
3	5920	[سورة التكوير (٨١): آية ١٤]
3	5920	[سورة التكوير (٨١): الآيات ١٥ إلى ١٦]
3	5921	[سورة التكوير (٨١): آية ١٧]
3	5921	[سورة التكوير (٨١): آية ١٨]
3	5922	[سورة التكوير (٨١): آية ١٩]
3	5922	[سورة التكوير (٨١): آية ٢٠]
3	5923	[سورة التكوير (٨١): آية ٢١]
3	5923	[سورة التكوير (٨١): الآيات ٢٢ إلى ٢٤]
3	5923	[سورة التكوير (٨١): آية ٢٥]
3	5924	[سورة التكوير (٨١): آية ٢٦]
3	5924	[سورة التكوير (٨١): آية ٢٧]
3	5924	[سورة التكوير (٨١): آية ٢٨]
3	5924	[سورة التكوير (٨١): آية ٢٩]
2	5925	سورة الانفطار
3	5925	[سورة الانفطار (٨٢): الآيات ١ إلى ٥]
3	5927	[سورة الانفطار (٨٢): الآيات ٦ إلى ٨]
3	5930	[سورة الانفطار (٨٢): آية ٩]
3	5930	[سورة الانفطار (٨٢): الآيات ١٠ إلى ١٢]
3	5931	[سورة الانفطار (٨٢): الآيات ١٣ إلى ١٦]
3	5933	[سورة الانفطار (٨٢): الآيات ١٧ إلى ١٩]
2	5935	سورة المطففين
3	5935	[سورة المطففين (٨٣): الآيات ١ إلى ٣]
3	5937	[سورة المطففين (٨٣): الآيات ٤ إلى ٦]
3	5938	[سورة المطففين (٨٣): الآيات ٧ إلى ١٧]
3	5943	[سورة المطففين (٨٣): الآيات ١٨ إلى ٢١]
3	5944	[سورة المطففين (٨٣): الآيات ٢٢ إلى ٢٨]
3	5946	[سورة المطففين (٨٣): الآيات ٢٩ إلى ٣٦]
2	5949	سورة الانشقاق
3	5949	[سورة الانشقاق (٨٤): الآيات ١ إلى ٥]
3	5950	[سورة الانشقاق (٨٤): آية ٦]
3	5951	[سورة الانشقاق (٨٤): الآيات ٧ إلى ٩]
3	5952	[سورة الانشقاق (٨٤): آية ١٠]
3	5952	[سورة الانشقاق (٨٤): آية ١١]
3	5952	[سورة الانشقاق (٨٤): آية ١٢]
3	5953	[سورة الانشقاق (٨٤): آية ١٣]
3	5953	[سورة الانشقاق (٨٤): آية ١٤]
3	5953	[سورة الانشقاق (٨٤): آية ١٥]
3	5953	[سورة الانشقاق (٨٤): الآيات ١٦ إلى ٢٠]
3	5957	[سورة الانشقاق (٨٤): آية ٢١]
3	5957	[سورة الانشقاق (٨٤): آية ٢٢]
3	5957	[سورة الانشقاق (٨٤): آية ٢٣]
3	5957	[سورة الانشقاق (٨٤): آية ٢٤]
3	5958	[سورة الانشقاق (٨٤): آية ٢٥]
2	5959	سورة البروج
3	5959	[سورة البروج (٨٥): الآيات ١ إلى ٣]
3	5961	[سورة البروج (٨٥): الآيات ٤ إلى ٧]
3	5965	[سورة البروج (٨٥): الآيات ٨ إلى ٩]
3	5965	[سورة البروج (٨٥): آية ١٠]
3	5966	[سورة البروج (٨٥): آية ١١]
3	5966	[سورة البروج (٨٥): الآيات ١٢ إلى ١٦]
3	5968	[سورة البروج (٨٥): الآيات ١٧ إلى ٢٢]
2	5970	سورة الطارق
3	5970	[سورة الطارق (٨٦): الآيات ١ إلى ٥]
3	5972	[سورة الطارق (٨٦): الآيات ٦ إلى ٧]
3	5974	[سورة الطارق (٨٦): آية ٨]
3	5974	[سورة الطارق (٨٦): الآيات ٩ إلى ١٠]
3	5975	[سورة الطارق (٨٦): الآيات ١١ إلى ١٧]
2	5978	سورة الأعلى
3	5978	[سورة الأعلى (٨٧): الآيات ١ إلى ٥]
3	5983	[سورة الأعلى (٨٧): الآيات ٦ إلى ٧]
3	5984	[سورة الأعلى (٨٧): آية ٨]
3	5985	[سورة الأعلى (٨٧): آية ٩]
3	5986	[سورة الأعلى (٨٧): آية ١٠]
3	5987	[سورة الأعلى (٨٧): الآيات ١١ إلى ١٢]
3	5988	[سورة الأعلى (٨٧): آية ١٣]
3	5988	[سورة الأعلى (٨٧): آية ١٤]
3	5988	[سورة الأعلى (٨٧): آية ١٥]
3	5989	[سورة الأعلى (٨٧): آية ١٦]
3	5989	[سورة الأعلى (٨٧): آية ١٧]
3	5990	[سورة الأعلى (٨٧): آية ١٨]
3	5990	[سورة الأعلى (٨٧): آية ١٩]
2	5991	سورة الغاشية
3	5991	[سورة الغاشية (٨٨): الآيات ١ إلى ٣]
3	5992	[سورة الغاشية (٨٨): آية ٤]
3	5993	[سورة الغاشية (٨٨): آية ٥]
3	5993	[سورة الغاشية (٨٨): آية ٦]
3	5994	[سورة الغاشية (٨٨): آية ٧]
3	5994	[سورة الغاشية (٨٨): آية ٨]
3	5994	[سورة الغاشية (٨٨): آية ٩]
3	5994	[سورة الغاشية (٨٨): آية ١٠]
3	5995	[سورة الغاشية (٨٨): آية ١١]
3	5995	[سورة الغاشية (٨٨): آية ١٢]
3	5996	[سورة الغاشية (٨٨): آية ١٣]
3	5996	[سورة الغاشية (٨٨): آية ١٤]
3	5996	[سورة الغاشية (٨٨): آية ١٥]
3	5996	[سورة الغاشية (٨٨): آية ١٦]
3	5996	[سورة الغاشية (٨٨): آية ١٧]
3	5998	[سورة الغاشية (٨٨): آية ١٨]
3	5998	[سورة الغاشية (٨٨): آية ١٩]
3	5998	[سورة الغاشية (٨٨): آية ٢٠]
3	5999	[سورة الغاشية (٨٨): آية ٢١]
3	5999	[سورة الغاشية (٨٨): آية ٢٢]
3	5999	[سورة الغاشية (٨٨): الآيات ٢٣ إلى ٢٤]
3	6000	[سورة الغاشية (٨٨): الآيات ٢٥ إلى ٢٦]
2	6001	سورة الفجر
3	6001	[سورة الفجر (٨٩): الآيات ١ إلى ٥]
3	6004	[سورة الفجر (٨٩): الآيات ٦ إلى ١٤]
3	6008	[سورة الفجر (٨٩): الآيات ١٥ إلى ١٦]
3	6010	[سورة الفجر (٨٩): الآيات ١٧ إلى ٢٠]
3	6011	[سورة الفجر (٨٩): الآيات ٢١ إلى ٢٣]
3	6013	[سورة الفجر (٨٩): آية ٢٤]
3	6013	[سورة الفجر (٨٩): الآيات ٢٥ إلى ٢٦]
3	6014	[سورة الفجر (٨٩): الآيات ٢٧ إلى ٢٨]
3	6016	[سورة الفجر (٨٩): الآيات ٢٩ إلى ٣٠]
2	6017	سورة البلد
3	6017	[سورة البلد (٩٠): الآيات ١ إلى ٤]
3	6020	[سورة البلد (٩٠): آية ٥]
3	6020	[سورة البلد (٩٠): آية ٦]
3	6020	[سورة البلد (٩٠): آية ٧]
3	6020	[سورة البلد (٩٠): الآيات ٨ إلى ١٠]
3	6021	[سورة البلد (٩٠): آية ١١]
3	6022	[سورة البلد (٩٠): آية ١٢]
3	6022	[سورة البلد (٩٠): آية ١٣]
3	6022	[سورة البلد (٩٠): آية ١٤]
3	6023	[سورة البلد (٩٠): آية ١٥]
3	6023	[سورة البلد (٩٠): آية ١٦]
3	6023	[سورة البلد (٩٠): آية ١٧]
3	6024	[سورة البلد (٩٠): آية ١٨]
3	6024	[سورة البلد (٩٠): آية ١٩]
3	6024	[سورة البلد (٩٠): آية ٢٠]
2	6026	سورة الشمس
3	6026	[سورة الشمس (٩١): الآيات ١ إلى ٢]
3	6027	[سورة الشمس (٩١): آية ٣]
3	6028	[سورة الشمس (٩١): آية ٤]
3	6028	[سورة الشمس (٩١): آية ٥]
3	6029	[سورة الشمس (٩١): آية ٦]
3	6029	[سورة الشمس (٩١): آية ٧]
3	6030	[سورة الشمس (٩١): آية ٨]
3	6030	[سورة الشمس (٩١): آية ٩]
3	6031	[سورة الشمس (٩١): آية ١٠]
3	6031	[سورة الشمس (٩١): آية ١١]
3	6032	[سورة الشمس (٩١): آية ١٢]
3	6032	[سورة الشمس (٩١): آية ١٣]
3	6032	[سورة الشمس (٩١): آية ١٤]
3	6033	[سورة الشمس (٩١): آية ١٥]
2	6034	سورة الليل
3	6034	[سورة الليل (٩٢): الآيات ١ إلى ٢]
3	6034	[سورة الليل (٩٢): آية ٣]
3	6035	[سورة الليل (٩٢): آية ٤]
3	6035	[سورة الليل (٩٢): الآيات ٥ إلى ١٠]
3	6038	[سورة الليل (٩٢): آية ١١]
3	6038	[سورة الليل (٩٢): آية ١٢]
3	6039	[سورة الليل (٩٢): آية ١٣]
3	6039	[سورة الليل (٩٢): الآيات ١٤ إلى ١٦]
3	6040	[سورة الليل (٩٢): الآيات ١٧ إلى ١٩]
3	6041	[سورة الليل (٩٢): الآيات ٢٠ إلى ٢١]
2	6043	سورة الضحى
3	6043	[سورة الضحى (٩٣): الآيات ١ إلى ٢]
3	6045	[سورة الضحى (٩٣): آية ٣]
3	6046	[سورة الضحى (٩٣): آية ٤]
3	6047	[سورة الضحى (٩٣): آية ٥]
3	6048	[سورة الضحى (٩٣): آية ٦]
3	6050	[سورة الضحى (٩٣): آية ٧]
3	6052	[سورة الضحى (٩٣): آية ٨]
3	6053	[سورة الضحى (٩٣): آية ٩]
3	6053	[سورة الضحى (٩٣): آية ١٠]
3	6054	[سورة الضحى (٩٣): آية ١١]
1	6055	الجزء الثاني والثلاثون
2	6055	سورة ألم نشرح
3	6055	[سورة الشرح (٩٤): آية ١]
3	6056	[سورة الشرح (٩٤): الآيات ٢ إلى ٣]
3	6058	[سورة الشرح (٩٤): آية ٤]
3	6058	[سورة الشرح (٩٤): الآيات ٥ إلى ٦]
3	6059	[سورة الشرح (٩٤): آية ٧]
3	6059	[سورة الشرح (٩٤): آية ٨]
2	6060	سورة التين
3	6060	[سورة التين (٩٥): الآيات ١ إلى ٣]
3	6062	[سورة التين (٩٥): آية ٤]
3	6062	[سورة التين (٩٥): آية ٥]
3	6063	[سورة التين (٩٥): آية ٦]
3	6063	[سورة التين (٩٥): آية ٧]
3	6063	[سورة التين (٩٥): آية ٨]
2	6065	سورة العلق
3	6065	[سورة العلق (٩٦): الآيات ١ إلى ٢]
3	6067	[سورة العلق (٩٦): الآيات ٣ إلى ٤]
3	6069	[سورة العلق (٩٦): آية ٥]
3	6069	[سورة العلق (٩٦): آية ٦]
3	6070	[سورة العلق (٩٦): آية ٧]
3	6071	[سورة العلق (٩٦): آية ٨]
3	6071	[سورة العلق (٩٦): الآيات ٩ إلى ١٠]
3	6072	[سورة العلق (٩٦): الآيات ١١ إلى ١٢]
3	6073	[سورة العلق (٩٦): آية ١٣]
3	6073	[سورة العلق (٩٦): آية ١٤]
3	6073	[سورة العلق (٩٦): الآيات ١٥ إلى ١٦]
3	6075	[سورة العلق (٩٦): الآيات ١٧ إلى ١٨]
3	6076	[سورة العلق (٩٦): آية ١٩]
2	6078	سورة القدر
3	6078	[سورة القدر (٩٧): آية ١]
3	6081	[سورة القدر (٩٧): آية ٢]
3	6081	[سورة القدر (٩٧): آية ٣]
3	6082	[سورة القدر (٩٧): آية ٤]
3	6085	[سورة القدر (٩٧): آية ٥]
2	6087	سورة البينة
3	6087	[سورة البينة (٩٨): الآيات ١ إلى ٤]
3	6091	[سورة البينة (٩٨): آية ٥]
3	6096	[سورة البينة (٩٨): آية ٦]
3	6098	[سورة البينة (٩٨): آية ٧]
3	6099	[سورة البينة (٩٨): آية ٨]
2	6103	سورة الزلزلة
3	6103	[سورة الزلزلة (٩٩): آية ١]
3	6104	[سورة الزلزلة (٩٩): آية ٢]
3	6105	[سورة الزلزلة (٩٩): آية ٣]
3	6105	[سورة الزلزلة (٩٩): آية ٤]
3	6106	[سورة الزلزلة (٩٩): آية ٥]
3	6106	[سورة الزلزلة (٩٩): آية ٦]
3	6106	[سورة الزلزلة (٩٩): الآيات ٧ إلى ٨]
2	6108	سورة العاديات
3	6108	[سورة العاديات (١٠٠): آية ١]
3	6109	[سورة العاديات (١٠٠): آية ٢]
3	6110	[سورة العاديات (١٠٠): آية ٣]
3	6110	[سورة العاديات (١٠٠): آية ٤]
3	6111	[سورة العاديات (١٠٠): آية ٥]
3	6111	[سورة العاديات (١٠٠): آية ٦]
3	6112	[سورة العاديات (١٠٠): آية ٧]
3	6112	[سورة العاديات (١٠٠): آية ٨]
3	6112	[سورة العاديات (١٠٠): آية ٩]
3	6113	[سورة العاديات (١٠٠): آية ١٠]
3	6113	[سورة العاديات (١٠٠): آية ١١]
2	6115	سورة القارعة
3	6115	[سورة القارعة (١٠١): الآيات ١ إلى ٣]
3	6116	[سورة القارعة (١٠١): الآيات ٤ إلى ٥]
3	6117	[سورة القارعة (١٠١): آية ٦]
3	6118	[سورة القارعة (١٠١): آية ٧]
3	6118	[سورة القارعة (١٠١): آية ٨]
3	6118	[سورة القارعة (١٠١): آية ٩]
3	6118	[سورة القارعة (١٠١): آية ١٠]
3	6118	[سورة القارعة (١٠١): آية ١١]
2	6119	سورة التكاثر
3	6119	[سورة التكاثر (١٠٢): الآيات ١ إلى ٢]
3	6121	[سورة التكاثر (١٠٢): الآيات ٣ إلى ٤]
3	6122	[سورة التكاثر (١٠٢): الآيات ٥ إلى ٧]
3	6124	[سورة التكاثر (١٠٢): آية ٨]
2	6127	سورة العصر
3	6127	[سورة العصر (١٠٣): آية ١]
3	6129	[سورة العصر (١٠٣): آية ٢]
3	6130	[سورة العصر (١٠٣): آية ٣]
2	6133	سورة الهمزة
3	6133	[سورة الهمزة (١٠٤): آية ١]
3	6134	[سورة الهمزة (١٠٤): آية ٢]
3	6135	[سورة الهمزة (١٠٤): آية ٣]
3	6135	[سورة الهمزة (١٠٤): الآيات ٤ إلى ٥]
3	6136	[سورة الهمزة (١٠٤): آية ٦]
3	6136	[سورة الهمزة (١٠٤): آية ٧]
3	6136	[سورة الهمزة (١٠٤): آية ٨]
3	6136	[سورة الهمزة (١٠٤): آية ٩]
2	6138	سورة الفيل
3	6138	[سورة الفيل (١٠٥): آية ١]
3	6141	[سورة الفيل (١٠٥): آية ٢]
3	6141	[سورة الفيل (١٠٥): آية ٣]
3	6142	[سورة الفيل (١٠٥): آية ٤]
3	6142	[سورة الفيل (١٠٥): آية ٥]
2	6144	سورة قريش
3	6144	[سورة قريش (١٠٦): الآيات ١ إلى ٢]
3	6148	[سورة قريش (١٠٦): آية ٣]
3	6148	[سورة قريش (١٠٦): آية ٤]
2	6151	سورة الماعون
3	6151	[سورة الماعون (١٠٧): آية ١]
3	6152	[سورة الماعون (١٠٧): الآيات ٢ إلى ٣]
3	6153	[سورة الماعون (١٠٧): الآيات ٤ إلى ٥]
3	6154	[سورة الماعون (١٠٧): آية ٦]
3	6155	[سورة الماعون (١٠٧): آية ٧]
2	6157	سورة الكوثر
3	6157	[سورة الكوثر (١٠٨): آية ١]
3	6167	[سورة الكوثر (١٠٨): آية ٢]
3	6170	[سورة الكوثر (١٠٨): آية ٣]
2	6173	سورة الكافرون
3	6173	[سورة الكافرون (١٠٩): آية ١]
3	6180	[سورة الكافرون (١٠٩): الآيات ٢ إلى ٥]
3	6182	[سورة الكافرون (١٠٩): آية ٦]
2	6184	سورة النصر
3	6184	[سورة النصر (١١٠): آية ١]
3	6189	[سورة النصر (١١٠): آية ٢]
3	6191	[سورة النصر (١١٠): آية ٣]
2	6198	سورة أبي لهب
3	6199	[سورة المسد (١١١): آية ١]
3	6201	[سورة المسد (١١١): آية ٢]
3	6202	[سورة المسد (١١١): آية ٣]
3	6203	[سورة المسد (١١١): آية ٤]
3	6205	[سورة المسد (١١١): آية ٥]
2	6206	سورة الإخلاص
3	6206	[سورة الإخلاص (١١٢): آية ١]
3	6211	[سورة الإخلاص (١١٢): آية ٢]
3	6213	[سورة الإخلاص (١١٢): آية ٣]
3	6215	[سورة الإخلاص (١١٢): آية ٤]
2	6217	سورة الفلق
3	6219	[سورة الفلق (١١٣): آية ١]
3	6222	[سورة الفلق (١١٣): آية ٢]
3	6223	[سورة الفلق (١١٣): آية ٣]
3	6224	[سورة الفلق (١١٣): آية ٤]
3	6225	[سورة الفلق (١١٣): آية ٥]
2	6226	سورة الناس
3	6226	[سورة الناس (١١٤): الآيات ١ إلى ٣]
3	6227	[سورة الناس (١١٤): آية ٤]
3	6227	[سورة الناس (١١٤): آية ٥]
3	6227	[سورة الناس (١١٤): آية ٦]
2	6229	خاتمة الطبع
